TITLE;DESCRIPTION;VERSION;CREATION;UPDATE
"1Forge Finance APIs";"Stock and Forex Data and Realtime Quotes";"1Forge";30-05-2017 08:34:14;27-06-2017 16:49:57
"Authentiq";"Strong authentication, without the passwords.";"Authentiq team";15-03-2017 14:45:58;03-10-2017 18:36:19
"Adafruit IO";"### The Internet of Things for Everyone

The Adafr";"";10-02-2018 10:41:43;10-02-2018 10:41:43
"Afterbanks";"La estandarización de la conexión con cualquier ";"";20-09-2017 14:12:57;22-09-2017 19:40:52
"airportsapi";"Get name and website-URL for airports by ICAO code";"";26-09-2017 15:09:23;26-09-2017 15:09:23
"Amadeus Travel Innovation Sandbox";"";"Amadeus Innovation and Research";01-02-2017 13:06:13;04-04-2017 17:27:32
"AWS Migration Hub";"<p/>";"Mike Ralphson";20-08-2017 11:00:29;05-12-2017 13:11:36
"AWS Certificate Manager";"<fullname>AWS Certificate Manager</fullname> <p>We";"Mike Ralphson";02-05-2017 07:59:53;06-02-2018 08:29:45
"Alexa For Business";"Alexa for Business makes it easy for you to use Al";"Mike Ralphson";01-12-2017 18:40:16;27-01-2018 11:53:44
"Amazon API Gateway";"<fullname>Amazon API Gateway</fullname> <p>Amazon ";"Mike Ralphson";02-05-2017 07:59:53;20-12-2017 09:37:08
"Application Auto Scaling";"<p>With Application Auto Scaling, you can automati";"Mike Ralphson";02-05-2017 07:59:53;17-01-2018 08:36:44
"Amazon AppStream";"<fullname>Amazon AppStream 2.0</fullname> <p>You c";"Mike Ralphson";02-05-2017 07:59:53;24-02-2018 12:06:43
"AWS AppSync";"AWS AppSync provides API actions for creating and ";"Mike Ralphson";30-11-2017 10:12:39;15-02-2018 09:33:19
"Amazon Athena";"<p>Amazon Athena is an interactive query service t";"Mike Ralphson";30-05-2017 07:01:55;28-11-2017 16:03:46
"Auto Scaling";"<fullname>Amazon EC2 Auto Scaling</fullname> <p>Am";"Mike Ralphson";02-05-2017 07:59:53;21-02-2018 09:08:17
"AWS Auto Scaling Plans";"<p>Use AWS Auto Scaling to quickly discover all th";"Mike Ralphson";17-01-2018 08:36:44;18-01-2018 12:17:33
"AWS Batch";"<p>AWS Batch enables you to run batch computing wo";"Mike Ralphson";02-05-2017 07:59:53;30-11-2017 10:12:39
"AWS Budgets";"<p>Budgets enable you to plan your service usage, ";"Mike Ralphson";02-05-2017 07:59:53;09-02-2018 12:41:49
"AWS Cost Explorer Service";"<p>The Cost Explorer API allows you to programmati";"Mike Ralphson";25-11-2017 18:52:51;23-02-2018 14:29:25
"AWS Cloud9";"<fullname>AWS Cloud9</fullname> <p>AWS Cloud9 is a";"Mike Ralphson";01-12-2017 18:40:16;06-02-2018 08:29:45
"Amazon CloudDirectory";"<fullname>Amazon Cloud Directory</fullname> <p>Ama";"Mike Ralphson";02-05-2017 07:59:53;11-12-2017 08:35:19
"AWS CloudFormation";"<fullname>AWS CloudFormation</fullname> <p>AWS Clo";"Mike Ralphson";02-05-2017 07:59:53;28-11-2017 16:03:46
"Amazon CloudFront";"<fullname>Amazon CloudFront</fullname> <p>This is ";"Mike Ralphson";02-05-2017 07:59:53;06-12-2017 17:43:33
"Amazon CloudHSM";"<fullname>AWS CloudHSM Service</fullname> <p>This ";"Mike Ralphson";02-05-2017 07:59:53;28-11-2017 16:03:46
"AWS CloudHSM V2";"For more information about AWS CloudHSM, see <a hr";"Mike Ralphson";20-08-2017 11:00:29;28-11-2017 16:03:46
"Amazon CloudSearch";"<fullname>Amazon CloudSearch Configuration Service";"Mike Ralphson";02-05-2017 07:59:53;28-11-2017 16:03:46
"Amazon CloudSearch Domain";"<p>You use the AmazonCloudSearch2013 API to upload";"Mike Ralphson";02-05-2017 07:59:53;28-11-2017 16:03:46
"AWS CloudTrail";"<fullname>AWS CloudTrail</fullname> <p>This is the";"Mike Ralphson";02-05-2017 07:59:53;28-11-2017 16:03:46
"AWS CodeBuild";"<fullname>AWS CodeBuild</fullname> <p>AWS CodeBuil";"Mike Ralphson";02-05-2017 07:59:53;27-01-2018 11:53:44
"AWS CodeCommit";"<fullname>AWS CodeCommit</fullname> <p>This is the";"Mike Ralphson";02-05-2017 07:59:53;22-02-2018 11:12:03
"AWS CodeDeploy";"<fullname>AWS CodeDeploy</fullname> <p>AWS CodeDep";"Mike Ralphson";02-05-2017 07:59:53;10-01-2018 13:29:20
"AWS CodePipeline";"<fullname>AWS CodePipeline</fullname> <p> <b>Overv";"Mike Ralphson";02-05-2017 07:59:53;28-11-2017 16:03:46
"AWS CodeStar";"<fullname>AWS CodeStar</fullname> <p>This is the A";"Mike Ralphson";02-05-2017 07:59:53;28-11-2017 16:03:46
"Amazon Cognito Identity";"<fullname>Amazon Cognito</fullname> <p>Amazon Cogn";"Mike Ralphson";02-05-2017 07:59:53;28-11-2017 16:03:46
"Amazon Cognito Identity Provider";"<p>Using the Amazon Cognito User Pools API, you ca";"Mike Ralphson";02-05-2017 07:59:53;13-02-2018 09:26:21
"Amazon Cognito Sync";"<fullname>Amazon Cognito Sync</fullname> <p>Amazon";"Mike Ralphson";02-05-2017 07:59:53;06-12-2017 17:43:33
"Amazon Comprehend";"Amazon Comprehend is an AWS service for gaining in";"Mike Ralphson";30-11-2017 10:12:39;30-11-2017 10:12:39
"AWS Config";"<fullname>AWS Config</fullname> <p>AWS Config prov";"Mike Ralphson";02-05-2017 07:59:53;20-02-2018 07:31:25
"AWS Cost and Usage Report Service";"All public APIs for AWS Cost and Usage Report serv";"Mike Ralphson";02-05-2017 07:59:53;28-11-2017 16:03:46
"AWS Data Pipeline";"<p>AWS Data Pipeline configures and manages a data";"Mike Ralphson";02-05-2017 07:59:53;28-11-2017 16:03:46
"Amazon DynamoDB Accelerator (DAX)";"DAX is a managed caching service engineered for Am";"Mike Ralphson";26-06-2017 18:31:20;28-11-2017 16:03:46
"AWS Device Farm";"AWS Device Farm is a service that enables mobile a";"Mike Ralphson";02-05-2017 07:59:53;27-01-2018 11:53:44
"AWS Direct Connect";"AWS Direct Connect links your internal network to ";"Mike Ralphson";02-05-2017 07:59:53;28-11-2017 16:03:46
"AWS Application Discovery Service";"<fullname>AWS Application Discovery Service</fulln";"Mike Ralphson";02-05-2017 07:59:53;10-01-2018 13:29:20
"AWS Database Migration Service";"<fullname>AWS Database Migration Service</fullname";"Mike Ralphson";02-05-2017 07:59:53;09-02-2018 12:41:49
"AWS Directory Service";"<fullname>AWS Directory Service</fullname> <p>AWS ";"Mike Ralphson";02-05-2017 07:59:53;09-02-2018 12:41:49
"Amazon DynamoDB";"<fullname>Amazon DynamoDB</fullname> <p>Amazon Dyn";"Mike Ralphson";02-05-2017 07:59:53;09-02-2018 12:41:49
"Amazon Elastic Compute Cloud";"<fullname>Amazon Elastic Compute Cloud</fullname> ";"Mike Ralphson";02-05-2017 07:59:53;22-02-2018 11:12:03
"Amazon EC2 Container Registry";"Amazon Elastic Container Registry (Amazon ECR) is ";"Mike Ralphson";02-05-2017 07:59:53;28-02-2018 07:37:28
"Amazon EC2 Container Service";"<p>Amazon Elastic Container Service (Amazon ECS) i";"Mike Ralphson";02-05-2017 07:59:53;23-12-2017 12:01:32
"Amazon ElastiCache";"<fullname>Amazon ElastiCache</fullname> <p>Amazon ";"Mike Ralphson";02-05-2017 07:59:53;28-11-2017 16:03:46
"AWS Elastic Beanstalk";"<fullname>AWS Elastic Beanstalk</fullname> <p>AWS ";"Mike Ralphson";02-05-2017 07:59:53;11-12-2017 08:35:19
"Amazon Elastic File System";"<fullname>Amazon Elastic File System</fullname> <p";"Mike Ralphson";02-05-2017 07:59:53;06-12-2017 17:43:33
"Elastic Load Balancing";"<fullname>Elastic Load Balancing</fullname> <p>A l";"Mike Ralphson";02-05-2017 07:59:53;15-01-2018 17:17:08
"Elastic Load Balancing";"<fullname>Elastic Load Balancing</fullname> <p>A l";"Mike Ralphson";02-05-2017 07:59:53;23-02-2018 14:29:25
"Amazon Elastic MapReduce";"Amazon EMR is a web service that makes it easy to ";"Mike Ralphson";02-05-2017 07:59:53;28-11-2017 16:03:46
"Amazon Elastic Transcoder";"<fullname>AWS Elastic Transcoder Service</fullname";"Mike Ralphson";02-05-2017 07:59:53;06-12-2017 17:43:33
"Amazon Simple Email Service";"<fullname>Amazon Simple Email Service</fullname> <";"Mike Ralphson";02-05-2017 07:59:53;17-12-2017 17:42:23
"AWS Marketplace Entitlement Service";"<fullname>AWS Marketplace Entitlement Service</ful";"Mike Ralphson";14-05-2017 12:00:27;28-11-2017 16:03:46
"Amazon Elasticsearch Service";"<fullname>Amazon Elasticsearch Configuration Servi";"Mike Ralphson";02-05-2017 07:59:53;11-12-2017 08:35:19
"Amazon CloudWatch Events";"<p>Amazon CloudWatch Events helps you to respond t";"Mike Ralphson";02-05-2017 07:59:53;28-11-2017 16:03:46
"Amazon Kinesis Firehose";"<fullname>Amazon Kinesis Firehose API Reference</f";"Mike Ralphson";02-05-2017 07:59:53;28-11-2017 16:03:46
"Amazon GameLift";"<fullname>Amazon GameLift Service</fullname> <p> A";"Mike Ralphson";02-05-2017 07:59:53;15-02-2018 21:53:56
"Amazon Glacier";"<p>Amazon Glacier is a storage solution for "cold ";"Mike Ralphson";02-05-2017 07:59:53;14-02-2018 14:16:26
"AWS Glue";"<fullname>AWS Glue</fullname> <p>Defines the publi";"Mike Ralphson";20-08-2017 11:00:29;07-02-2018 07:19:24
"AWS Greengrass";"AWS Greengrass seamlessly extends AWS onto physica";"Mike Ralphson";26-06-2017 18:31:20;06-12-2017 17:43:33
"Amazon GuardDuty";"Assess, monitor, manage, and remediate security is";"Mike Ralphson";30-11-2017 10:12:39;13-02-2018 09:26:21
"AWS Health APIs and Notifications";"<fullname>AWS Health</fullname> <p>The AWS Health ";"Mike Ralphson";02-05-2017 07:59:53;28-11-2017 16:03:46
"AWS Identity and Access Management";"<fullname>AWS Identity and Access Management</full";"Mike Ralphson";02-05-2017 07:59:53;28-11-2017 16:03:46
"AWS Import/Export";"<fullname>AWS Import/Export Service</fullname> AWS";"Mike Ralphson";02-05-2017 07:59:53;28-11-2017 16:03:46
"Amazon Inspector";"<fullname>Amazon Inspector</fullname> <p>Amazon In";"Mike Ralphson";02-05-2017 07:59:53;08-01-2018 11:01:53
"AWS IoT";"<fullname>AWS IoT</fullname> <p>AWS IoT provides s";"Mike Ralphson";02-05-2017 07:59:53;21-12-2017 19:16:47
"AWS IoT Data Plane";"<fullname>AWS IoT</fullname> <p>AWS IoT-Data enabl";"Mike Ralphson";02-05-2017 07:59:53;06-12-2017 17:43:33
"AWS IoT Jobs Data Plane";"<p>AWS IoT Jobs is a service that allows you to de";"Mike Ralphson";30-11-2017 10:12:39;06-12-2017 17:43:33
"Amazon Kinesis";"<fullname>Amazon Kinesis Data Streams Service API ";"Mike Ralphson";02-05-2017 07:59:53;06-02-2018 08:29:45
"Amazon Kinesis Video Streams Archived Media";"<p/>";"Mike Ralphson";30-11-2017 10:12:39;05-12-2017 13:11:36
"Amazon Kinesis Video Streams Media";"<p/>";"Mike Ralphson";30-11-2017 10:12:39;05-12-2017 13:11:36
"Amazon Kinesis Analytics";"";"Mike Ralphson";02-05-2017 07:59:53;22-12-2017 17:15:46
"Amazon Kinesis Video Streams";"<p/>";"Mike Ralphson";30-11-2017 10:12:39;30-11-2017 10:12:39
"AWS Key Management Service";"<fullname>AWS Key Management Service</fullname> <p";"Mike Ralphson";02-05-2017 07:59:53;13-02-2018 09:26:21
"AWS Lambda";"<fullname>AWS Lambda</fullname> <p> <b>Overview</b";"Mike Ralphson";02-05-2017 07:59:53;27-01-2018 11:53:44
"Amazon Lex Model Building Service";"<fullname>Amazon Lex Build-Time Actions</fullname>";"Mike Ralphson";02-05-2017 07:59:53;15-02-2018 09:33:19
"Amazon Lightsail";"<p>Amazon Lightsail is the easiest way to get star";"Mike Ralphson";02-05-2017 07:59:53;30-11-2017 10:12:39
"Amazon CloudWatch Logs";"<p>You can use Amazon CloudWatch Logs to monitor, ";"Mike Ralphson";04-12-2017 19:46:20;04-12-2017 19:46:20
"Amazon Machine Learning";"Definition of the public APIs exposed by Amazon Ma";"Mike Ralphson";02-05-2017 07:59:53;28-11-2017 16:03:46
"AWS Marketplace Commerce Analytics";"Provides AWS Marketplace business intelligence dat";"Mike Ralphson";02-05-2017 07:59:53;28-11-2017 16:03:46
"AWS Elemental MediaConvert";"AWS Elemental MediaConvert";"Mike Ralphson";28-11-2017 16:03:46;15-02-2018 21:53:56
"AWS Elemental MediaLive";"API for AWS Elemental MediaLive";"Mike Ralphson";28-11-2017 16:03:46;09-02-2018 12:41:49
"AWS Elemental MediaPackage";"AWS Elemental MediaPackage";"Mike Ralphson";28-11-2017 16:03:46;06-12-2017 17:43:33
"AWS Elemental MediaStore";"An AWS Elemental MediaStore container is a namespa";"Mike Ralphson";28-11-2017 16:03:46;09-02-2018 12:41:49
"AWS Elemental MediaStore Data Plane";"An AWS Elemental MediaStore asset is an object, si";"Mike Ralphson";28-11-2017 16:03:46;20-12-2017 09:37:08
"AWSMarketplace Metering";"<fullname>AWS Marketplace Metering Service</fullna";"Mike Ralphson";02-05-2017 07:59:53;05-12-2017 13:11:36
"AWS Mobile";" AWS Mobile Service provides mobile app and websit";"Mike Ralphson";04-09-2017 07:36:07;06-12-2017 17:43:33
"Amazon Mobile Analytics";"Amazon Mobile Analytics is a service for collectin";"Mike Ralphson";02-05-2017 07:59:53;28-11-2017 16:03:46
"Amazon CloudWatch";"<p>Amazon CloudWatch monitors your Amazon Web Serv";"Mike Ralphson";02-05-2017 07:59:53;20-12-2017 09:37:08
"AmazonMQ";"Amazon MQ is a managed message broker service for ";"Mike Ralphson";30-11-2017 10:12:39;06-12-2017 17:43:33
"Amazon Mechanical Turk";"<fullname>Amazon Mechanical Turk API Reference</fu";"Mike Ralphson";02-05-2017 07:59:53;27-01-2018 11:53:44
"AWS OpsWorks";"<fullname>AWS OpsWorks</fullname> <p>Welcome to th";"Mike Ralphson";02-05-2017 07:59:53;06-02-2018 08:29:45
"AWS OpsWorks for Chef Automate";"<fullname>AWS OpsWorks CM</fullname> <p> AWS OpsWo";"Mike Ralphson";02-05-2017 07:59:53;05-12-2017 13:11:36
"AWS Organizations";"<fullname>AWS Organizations API Reference</fullnam";"Mike Ralphson";02-05-2017 07:59:53;28-11-2017 16:03:46
"Amazon Pinpoint";"";"Mike Ralphson";02-05-2017 07:59:53;06-12-2017 17:43:33
"Amazon Polly";"<p>Amazon Polly is a web service that makes it eas";"Mike Ralphson";02-05-2017 07:59:53;06-12-2017 17:43:33
"AWS Price List Service";"<p>AWS Price List Service API (AWS Price List Serv";"Mike Ralphson";09-11-2017 16:48:43;05-12-2017 13:11:36
"Amazon Relational Database Service";"<fullname>Amazon Relational Database Service</full";"Mike Ralphson";02-05-2017 07:59:53;17-02-2018 15:32:24
"Amazon Redshift";"<fullname>Amazon Redshift</fullname> <p> <b>Overvi";"Mike Ralphson";02-05-2017 07:59:53;28-11-2017 16:03:46
"Amazon Rekognition";"This is the Amazon Rekognition API reference.";"Mike Ralphson";02-05-2017 07:59:53;30-11-2017 10:12:39
"AWS Resource Groups";"<fullname>AWS Resource Groups</fullname> <p>AWS Re";"Mike Ralphson";30-11-2017 10:12:39;06-12-2017 17:43:33
"AWS Resource Groups Tagging API";"<fullname>Resource Groups Tagging API</fullname> <";"Mike Ralphson";02-05-2017 07:59:53;05-12-2017 13:11:36
"Amazon Route 53";"";"Mike Ralphson";02-05-2017 07:59:53;27-02-2018 17:27:13
"Amazon Route 53 Domains";"Amazon Route 53 API actions let you register domai";"Mike Ralphson";02-05-2017 07:59:53;28-11-2017 16:03:46
"Amazon Lex Runtime Service";"Amazon Lex provides both build and runtime endpoin";"Mike Ralphson";02-05-2017 07:59:53;11-02-2018 09:48:36
"Amazon SageMaker Runtime";" Amazon SageMaker runtime API. ";"Mike Ralphson";30-11-2017 10:12:39;30-11-2017 10:12:39
"Amazon Simple Storage Service";"";"Mike Ralphson";02-05-2017 07:59:53;06-12-2017 17:43:33
"Amazon SageMaker Service";"Definition of the public APIs exposed by SageMaker";"Mike Ralphson";30-11-2017 10:12:39;18-01-2018 12:17:33
"Amazon SimpleDB";"Amazon SimpleDB is a web service providing the cor";"Mike Ralphson";02-05-2017 07:59:53;28-11-2017 16:03:46
"AWSServerlessApplicationRepository";"<p>The AWS Serverless Application Repository makes";"Mike Ralphson";01-12-2017 18:40:16;22-02-2018 11:12:03
"AWS Service Catalog";"<fullname>AWS Service Catalog</fullname> <p> <a hr";"Mike Ralphson";02-05-2017 07:59:53;07-02-2018 07:19:24
"Amazon Route 53 Auto Naming";"Amazon Route 53 auto naming lets you configure pub";"Mike Ralphson";06-12-2017 17:43:33;07-02-2018 07:19:24
"AWS Shield";"<fullname>AWS Shield Advanced</fullname> <p>This i";"Mike Ralphson";02-05-2017 07:59:53;28-11-2017 16:03:46
"AWS Server Migration Service";"Amazon Server Migration Service automates the proc";"Mike Ralphson";02-05-2017 07:59:53;28-11-2017 16:03:46
"Amazon Import/Export Snowball";"AWS Snowball is a petabyte-scale data transport so";"Mike Ralphson";02-05-2017 07:59:53;08-01-2018 11:01:53
"Amazon Simple Notification Service";"<fullname>Amazon Simple Notification Service</full";"Mike Ralphson";02-05-2017 07:59:53;28-11-2017 16:03:46
"Amazon Simple Queue Service";"<p>Welcome to the <i>Amazon Simple Queue Service A";"Mike Ralphson";02-05-2017 07:59:53;28-11-2017 16:03:46
"Amazon Simple Systems Manager (SSM)";"<fullname>AWS Systems Manager</fullname> <p>AWS Sy";"Mike Ralphson";02-05-2017 07:59:53;07-02-2018 07:19:24
"AWS Step Functions";"<fullname>AWS Step Functions</fullname> <p>AWS Ste";"Mike Ralphson";02-05-2017 07:59:53;28-11-2017 16:03:46
"AWS Storage Gateway";"<fullname>AWS Storage Gateway Service</fullname> <";"Mike Ralphson";02-05-2017 07:59:53;28-11-2017 16:03:46
"Amazon DynamoDB Streams";"<fullname>Amazon DynamoDB</fullname> <p>Amazon Dyn";"Mike Ralphson";02-05-2017 07:59:53;28-11-2017 16:03:46
"AWS Security Token Service";"<fullname>AWS Security Token Service</fullname> <p";"Mike Ralphson";02-05-2017 07:59:53;27-02-2018 17:27:13
"AWS Support";"<fullname>AWS Support</fullname> <p>The AWS Suppor";"Mike Ralphson";02-05-2017 07:59:53;28-11-2017 16:03:46
"Amazon Simple Workflow Service";"<fullname>Amazon Simple Workflow Service</fullname";"Mike Ralphson";02-05-2017 07:59:53;28-11-2017 16:03:46
"Amazon Transcribe Service";"Operations and objects for transcribing speech to ";"Mike Ralphson";22-01-2018 08:24:10;22-01-2018 08:24:10
"Amazon Translate";"Provides translation between English and one of si";"Mike Ralphson";30-11-2017 10:12:39;30-11-2017 10:12:39
"AWS WAF";"This is the <i>AWS WAF API Reference</i> for using";"Mike Ralphson";02-05-2017 07:59:53;21-02-2018 09:08:17
"AWS WAF Regional";"This is the <i>AWS WAF Regional API Reference</i> ";"Mike Ralphson";02-05-2017 07:59:53;21-02-2018 09:08:17
"Amazon WorkDocs";"<p>The WorkDocs API is designed for the following ";"Mike Ralphson";02-05-2017 07:59:53;06-12-2017 17:43:33
"Amazon WorkMail";"<p>Amazon WorkMail is a secure, managed business e";"Mike Ralphson";13-12-2017 17:29:17;13-12-2017 17:29:17
"Amazon WorkSpaces";"<fullname>Amazon WorkSpaces Service</fullname> <p>";"Mike Ralphson";02-05-2017 07:59:53;31-12-2017 14:57:33
"AWS X-Ray";"AWS X-Ray provides APIs for managing debug traces ";"Mike Ralphson";02-05-2017 07:59:53;28-11-2017 16:03:46
"Apacta";"API for a tool to craftsmen used to register worki";"";17-03-2017 22:40:07;22-01-2018 15:44:32
"Marketcheck Cars";"<b>Access the New, Used and Certified cars invento";"";17-01-2018 12:05:29;19-02-2018 08:08:39
"APIMATIC API Transformer";"Transform API Descriptions from/to various formats";"API Transformer";14-04-2016 12:48:50;04-04-2017 17:27:32
"APIs.guru";"Wikipedia for Web APIs. Repository of API specs in";"APIs.guru";26-11-2015 17:52:26;13-11-2017 18:16:50
"2ch matome feeds APIs";"Various 2ch matome feeds.<BR />[Endpoint] https://";"";18-04-2017 10:18:26;28-09-2017 06:09:03
"Certificate feeds APIs";"Various certificate feeds.<BR />[Endpoint] https:/";"";18-04-2017 10:18:26;28-09-2017 06:09:03
"Cosine Similarity";"Cosine Similarity.<BR />[Endpoint] https://api.api";"";28-09-2017 06:09:03;28-09-2017 06:09:03
"Design feeds APIs";"Various design feeds.<BR />[Endpoint] https://api.";"";18-04-2017 10:18:26;28-09-2017 06:09:03
"Document frequency APIs";"Document frequency of Wikipedia.<BR />[Endpoint] h";"";18-04-2017 10:18:26;03-10-2017 18:33:47
"Game feeds APIs";"Various game feeds.<BR />[Endpoint] https://api.ap";"";18-04-2017 10:18:26;28-09-2017 06:09:03
"Japanese WordNet APIs";"Return all WordNet words.<BR />[Endpoint] https://";"";28-09-2017 06:09:03;28-09-2017 06:09:03
"Kmeans clustering by word2vec";"Kmeans clustering by word2vec.<BR />[Endpoint] htt";"";28-09-2017 06:09:03;28-09-2017 06:09:03
"Kuromoji APIs";"Kuromoji: japanese morphological analyzer.<BR />[E";"";18-04-2017 10:18:26;28-09-2017 06:09:03
"Language Detection APIs";"Language detection.<BR />[Endpoint] https://api.ap";"";18-04-2017 10:18:26;03-10-2017 18:33:47
"News feeds APIs";"Various news feeds.<BR />[Endpoint] https://api.ap";"";18-04-2017 10:18:26;28-09-2017 06:09:03
"Pioneer blog feeds APIs";"Various blog feeds.<BR />[Endpoint] https://api.ap";"";18-04-2017 10:18:26;28-09-2017 06:09:03
"RSS2JSON APIs";"Rss to Json.<BR />[Endpoint] https://api.apitore.c";"";18-04-2017 10:18:26;28-09-2017 06:09:03
"Sentence separator APIs";"Simple sentence separator.<BR />[Endpoint] https:/";"";18-04-2017 10:18:26;03-10-2017 18:33:47
"Sentence Similarity";"Sentence Similarity.<BR />[Endpoint] https://api.a";"";28-09-2017 06:09:03;03-10-2017 18:33:47
"SentencePiece APIs (tweet)";"SentencePiece tokenizer (tweet).<BR />[Endpoint] h";"";18-04-2017 10:18:26;03-10-2017 18:33:47
"SentencePiece APIs (wikipedia)";"SentencePiece tokenizer (wikipedia).<BR />[Endpoin";"";18-04-2017 10:18:26;03-10-2017 18:33:47
"Sentiment APIs";"Japanese sentiment analyzer.<BR />[Endpoint] https";"";18-04-2017 10:18:26;04-01-2018 14:43:03
"Synonym APIs";"Return synonymous words. (equal to "word2vec dista";"";18-04-2017 10:18:26;03-10-2017 18:33:47
"Tech feeds APIs";"Various tech feeds.<BR />[Endpoint] https://api.ap";"";18-04-2017 10:18:26;28-09-2017 06:09:03
"Text2Label by tfidf APIs";"Text to label by tfidf of contents.<BR />[Endpoint";"";18-04-2017 10:18:26;28-09-2017 06:09:03
"Text2Label by word vector APIs";"Text to label by word2vec of contents.<BR />[Endpo";"";18-04-2017 10:18:26;28-09-2017 06:09:03
"Travel feeds APIs";"Various travel feeds.<BR />[Endpoint] https://api.";"";18-04-2017 10:18:26;28-09-2017 06:09:03
"Tweet summarization APIs";"Tweet summarization.<BR />[Endpoint] https://api.a";"";18-04-2017 10:18:26;03-10-2017 18:33:47
"Twitter APIs";"Call Twitter APIs.<BR />[Endpoint] https://api.api";"";18-04-2017 10:18:26;03-10-2017 18:33:47
"Twitter APIs with sentiment by Apitore sentiment";"Call Twitter APIs with sentiment by Apitore sentim";"";18-04-2017 10:18:26;03-10-2017 18:33:47
"Twitter APIs with Word2Vec query expansion";"Call Twitter APIs with word2vec query expansion.<B";"";18-04-2017 10:18:26;03-10-2017 18:33:47
"Twitter APIs with Word2Vec query expansion, and add sentiment by Apitore sentiment";"Call Twitter APIs with word2vec query expansion an";"";18-04-2017 10:18:26;03-10-2017 18:33:47
"Url2Href APIs";"Url to Href links.<BR />[Endpoint] https://api.api";"";18-04-2017 10:18:26;28-09-2017 06:09:03
"Url2Html APIs";"Url to Html.<BR />[Endpoint] https://api.apitore.c";"";18-04-2017 10:18:26;28-09-2017 06:09:03
"Url2Label by tfidf APIs";"Url to label by tfidf of contents.<BR />[Endpoint]";"";18-04-2017 10:18:26;28-09-2017 06:09:03
"Url2Label by word vector APIs";"Url to label by word2vec of contents.<BR />[Endpoi";"";18-04-2017 10:18:26;28-09-2017 06:09:03
"Url2Src APIs";"Url to Image src urls.<BR />[Endpoint] https://api";"";18-04-2017 10:18:26;28-09-2017 06:09:03
"Url2Text APIs";"Url to Text.<BR />[Endpoint] https://api.apitore.c";"";18-04-2017 10:18:26;28-09-2017 06:09:03
"Word2Vec APIs";"Word2Vec.<BR />[Endpoint] https://api.apitore.com/";"";18-04-2017 10:18:26;03-10-2017 18:33:47
"WordNet APIs";"You can access ALL WordNet DB.<BR />[Endpoint] htt";"";28-09-2017 06:09:03;03-10-2017 18:33:47
"WordNet hypernym APIs";"Return hypernym words.<BR />[Endpoint] https://api";"";28-09-2017 06:09:03;03-10-2017 18:33:47
"WordNet hyponym APIs";"Return hyponym words.<BR />[Endpoint] https://api.";"";28-09-2017 06:09:03;03-10-2017 18:33:47
"WordNet Similarity APIs";"Calculate word similarity.<BR />[Endpoint] https:/";"";28-09-2017 06:09:03;03-10-2017 18:33:47
"WordNet synonym APIs";"Return synonym words.<BR />[Endpoint] https://api.";"";28-09-2017 06:09:03;03-10-2017 18:33:47
"WordNet translation APIs";"Return translation words.<BR />[Endpoint] https://";"";28-09-2017 06:09:03;03-10-2017 18:33:47
"Words to Vectors APIs";"Word to vectors.<BR />[Endpoint] https://api.apito";"";18-04-2017 10:18:26;03-10-2017 18:33:47
"AppVeyor";"AppVeyor is a hosted continuous integration servic";"AppVeyor Team";16-01-2017 14:46:30;30-11-2017 17:31:05
"Search Services";"API for Internet Archive's Search-related services";"";24-02-2018 16:36:17;24-02-2018 16:36:17
"Wayback";"API for Internet Archive's Wayback Machine";"";24-02-2018 16:36:17;24-02-2018 16:36:17
"ART19 Content";"The ART19 Content API conforms to the JSON-API spe";"ART19 Engineering Team";26-11-2017 17:28:52;26-11-2017 17:28:52
"Business Registries";"# Introduction
The Business Registries API is buil";"";06-09-2017 11:44:38;06-09-2017 11:44:38
"Auckland Museum";"This is technical documentation for the Auckland M";"Auckland Museum API Team";04-09-2017 12:49:06;04-09-2017 12:49:06
"Authentiq Connect";"Authentiq Connect OAuth 2.0 and OpenID Connect API";"Team Authentiq";15-03-2017 14:45:58;03-10-2017 18:37:39
"Avaza";"Welcome to the autogenerated documentation & test ";"";21-11-2017 11:17:54;19-02-2018 08:08:39
"AviationData.Systems Airports API V1";"";"";26-11-2017 17:48:04;26-11-2017 17:48:04
"AdvisorManagementClient";"REST APIs for Azure Advisor";"";24-04-2017 10:15:00;19-02-2018 08:59:16
"AzureAnalysisServices";"The Azure Analysis Services Web API provides a RES";"";02-10-2016 08:32:49;19-02-2018 08:41:37
"ApiManagementClient";"Use these REST APIs for performing operations on e";"";04-12-2017 09:12:06;19-02-2018 08:59:16
"ApiManagementClient";"Use these REST APIs for performing operations on A";"";02-01-2018 11:52:51;19-02-2018 08:59:16
"ApiManagementClient";"Use these REST APIs for managing OAuth2 servers co";"";04-12-2017 09:12:06;19-02-2018 08:41:37
"ApiManagementClient";"Use these REST APIs for performing operations on B";"";04-12-2017 09:12:06;19-02-2018 08:41:37
"ApiManagementClient";"Use these REST APIs for performing operations on C";"";04-12-2017 09:12:06;19-02-2018 08:41:37
"ApiManagementClient";"Use these REST APIs to manage Azure API Management";"";04-12-2017 09:12:06;19-02-2018 08:41:37
"ApiManagementClient";"Use these REST APIs for performing operations on E";"";04-12-2017 09:12:06;19-02-2018 08:41:37
"ApiManagementClient";"Use these REST APIs for performing operations on G";"";04-12-2017 09:12:06;19-02-2018 08:59:16
"ApiManagementClient";"Use these REST APIs for performing operations on I";"";04-12-2017 09:12:06;19-02-2018 08:41:37
"ApiManagementClient";"Use these REST APIs for performing operations on l";"";04-12-2017 09:12:06;19-02-2018 08:41:37
"ApiManagementClient";"Use these REST APIs for getting the network connec";"";04-12-2017 09:12:06;19-02-2018 08:41:37
"ApiManagementClient";"Use these REST APIs for performing operations on O";"";04-12-2017 09:12:06;19-02-2018 08:41:37
"ApiManagementClient";"Use these REST APIs for performing operations on P";"";04-12-2017 09:12:06;19-02-2018 08:59:16
"ApiManagementClient";"Use these REST APIs for performing operations on P";"";04-12-2017 09:12:06;19-02-2018 08:41:37
"ApiManagementClient";"Use these REST APIs for performing operations on Q";"";04-12-2017 09:12:06;19-02-2018 08:41:37
"ApiManagementClient";"Use these REST APIs to get the analytics reports a";"";04-12-2017 09:12:06;19-02-2018 08:41:37
"ApiManagementClient";"Use these REST APIs for performing operations on S";"";04-12-2017 09:12:06;19-02-2018 08:41:37
"ApiManagementClient";"Use these REST APIs for performing operations on t";"";04-12-2017 09:12:06;19-02-2018 08:41:37
"ApiManagementClient";"Use these REST APIs for performing operations on U";"";04-12-2017 09:12:06;19-02-2018 08:59:16
"ApplicationInsightsManagementClient";"Azure Application Insights client for web test bas";"";24-04-2017 10:15:00;19-02-2018 08:41:37
"ApplicationInsightsManagementClient";"Azure Application Insights client for API keys of ";"";04-12-2017 09:12:06;19-02-2018 08:41:37
"ApplicationInsightsManagementClient";"Azure Application Insights client for Continuous E";"";04-12-2017 09:12:06;19-02-2018 08:41:37
"ApplicationInsightsManagementClient";"Azure Application Insights client for selecting pr";"";04-12-2017 09:12:06;19-02-2018 08:41:37
"ApplicationInsightsManagementClient";"Azure Application Insights client for Components.";"";04-12-2017 09:12:06;19-02-2018 08:41:37
"ApplicationInsightsManagementClient";"Azure Application Insights client for web test bas";"";04-12-2017 09:12:06;19-02-2018 08:41:37
"AuthorizationManagementClient";"Role based access control provides you a way to ap";"";10-04-2016 23:18:20;19-02-2018 08:41:37
"AuthorizationManagementClient";"Role based access control provides you a way to ap";"";04-12-2017 09:12:06;19-02-2018 08:41:37
"AutomationManagement";"";"";04-12-2017 09:12:06;19-02-2018 08:59:16
"AutomationManagement";"";"";04-12-2017 09:12:06;19-02-2018 08:59:16
"AutomationManagement";"";"";04-12-2017 09:12:06;19-02-2018 08:59:16
"AutomationManagement";"";"";04-12-2017 09:12:06;19-02-2018 08:59:16
"AutomationManagement";"";"";04-12-2017 09:12:06;19-02-2018 08:59:16
"AutomationManagement";"";"";04-12-2017 09:12:06;19-02-2018 08:59:16
"AutomationManagement";"";"";04-12-2017 09:12:06;19-02-2018 08:59:16
"AutomationManagement";"";"";04-12-2017 09:12:06;19-02-2018 08:59:16
"AutomationManagement";"";"";04-12-2017 09:12:06;19-02-2018 08:59:16
"AutomationManagement";"";"";04-12-2017 09:12:06;19-02-2018 08:41:37
"AutomationManagement";"";"";04-12-2017 09:12:06;19-02-2018 08:41:37
"AutomationManagement";"";"";04-12-2017 09:12:06;19-02-2018 08:59:16
"AutomationManagement";"";"";04-12-2017 09:12:06;19-02-2018 08:41:37
"AutomationManagement";"";"";04-12-2017 09:12:06;19-02-2018 08:41:37
"AutomationManagement";"";"";04-12-2017 09:12:06;19-02-2018 08:59:16
"Update Management";"APIs for managing software update configurations.";"Mohamed Enein";04-12-2017 09:12:06;19-02-2018 08:41:37
"Update Management";"APIs for managing software update configurations.";"Mohamed Enein";04-12-2017 09:12:06;19-02-2018 08:41:37
"AutomationManagement";"";"";04-12-2017 09:12:06;19-02-2018 08:59:16
"AutomationManagementClient";"";"";04-12-2017 09:12:06;19-02-2018 08:59:16
"BatchManagement";"";"";04-12-2017 09:12:06;19-02-2018 08:41:37
"BatchAI";"The Azure BatchAI Management API.";"";04-12-2017 09:12:06;19-02-2018 08:41:37
"BillingManagementClient";"Billing client provides access to billing resource";"";24-04-2017 10:15:00;19-02-2018 08:41:37
"CdnManagementClient";"Use these APIs to manage Azure CDN resources throu";"";10-04-2016 23:18:20;19-02-2018 08:41:37
"CognitiveServicesManagementClient";"Cognitive Services Management Client";"";04-12-2017 09:12:06;19-02-2018 08:41:37
"UsageManagementClient";"";"";22-05-2016 12:37:44;19-02-2018 08:59:16
"ComputeManagementClient";"The Compute Management Client.";"";10-04-2016 23:18:20;19-02-2018 08:59:16
"ContainerServiceClient";"The Container Service Client.";"";10-04-2016 23:18:20;19-02-2018 08:41:37
"DiskResourceProviderClient";"The Disk Resource Provider Client.";"";01-02-2017 10:11:06;19-02-2018 08:41:37
"RunCommandsClient";"The Run Commands Client.";"";20-09-2017 08:49:01;19-02-2018 08:41:37
"ComputeManagementClient";"The Compute Management Client.";"";04-12-2017 09:12:06;19-02-2018 08:41:37
"ComputeManagementConvenienceClient";"";"";04-12-2017 09:12:06;19-02-2018 08:41:37
"ConsumptionManagementClient";"Consumption management client provides access to c";"";02-01-2018 11:52:51;19-02-2018 08:41:37
"ContainerInstanceManagementClient";"";"";04-12-2017 09:12:06;19-02-2018 08:41:37
"ContainerRegistryManagementClient";"";"";04-12-2017 09:12:06;19-02-2018 08:41:37
"ContainerServiceClient";"The Container Service Client.";"";10-04-2016 23:18:20;19-02-2018 08:41:37
"ContainerServiceClient";"The Container Service Client.";"";02-01-2018 11:52:51;19-02-2018 08:41:37
"ContainerServiceClient";"The Container Service Client.";"";02-01-2018 11:52:51;19-02-2018 08:41:37
"Cosmos DB";"Azure Cosmos DB Database Service Resource Provider";"";20-09-2017 08:49:01;19-02-2018 08:41:37
"CustomerInsightsManagementClient";"The Azure Customer Insights management API provide";"";20-09-2017 08:49:01;19-02-2018 08:41:37
"Azure Data Catalog Resource Provider";"The Azure Data Catalog Resource Provider Services ";"";02-01-2018 11:52:51;19-02-2018 08:41:37
"DataFactoryManagementClient";"";"";04-12-2017 09:12:06;19-02-2018 08:41:37
"DataLakeAnalyticsAccountManagementClient";"Creates an Azure Data Lake Analytics account manag";"";04-12-2017 09:12:06;19-02-2018 08:59:16
"DataLakeStoreAccountManagementClient";"Creates an Azure Data Lake Store account managemen";"";04-12-2017 09:12:06;19-02-2018 08:59:16
"Azure Data Migration Service Resource Provider";"The Data Migration Service helps people migrate th";"";04-12-2017 09:12:06;19-02-2018 08:41:37
"DevTestLabsClient";"The DevTest Labs Client.";"";27-04-2016 13:30:31;19-02-2018 08:41:37
"DnsManagementClient";"The DNS Management Client.";"";10-04-2016 23:18:20;19-02-2018 08:41:37
"Domain Services Resource Provider";"The AAD Domain Services API.";"";04-12-2017 09:12:06;19-02-2018 08:41:37
"EventGridManagementClient";"Azure EventGrid Management Client";"";04-12-2017 09:12:06;19-02-2018 08:41:37
"EventHubManagementClient";"Azure Event Hubs client";"";04-12-2017 09:12:06;19-02-2018 08:41:37
"HDInsightManagementClient";"The HDInsight Management Client.";"";04-12-2017 09:12:06;19-02-2018 08:41:37
"HDInsightManagementClient";"The HDInsight Management Client.";"";04-12-2017 09:12:06;19-02-2018 08:41:37
"HDInsightManagementClient";"The HDInsight Management Client.";"";04-12-2017 09:12:06;19-02-2018 08:41:37
"HDInsightManagementClient";"The HDInsight Management Client.";"";04-12-2017 09:12:06;19-02-2018 08:41:37
"HDInsightManagementClient";"The HDInsight Management Client.";"";04-12-2017 09:12:06;19-02-2018 08:41:37
"HDInsightManagementClient";"The HDInsight Management Client.";"";24-04-2017 10:15:00;19-02-2018 08:41:37
"HDInsightManagementClient";"The HDInsight Management Client.";"";04-12-2017 09:12:06;19-02-2018 08:41:37
"IntuneResourceManagementClient";"Microsoft.Intune Resource provider Api features in";"";10-04-2016 23:18:20;19-02-2018 08:41:37
"iotHubClient";"Use this API to manage the IoT hubs in your Azure ";"";14-07-2016 10:37:31;19-02-2018 08:41:37
"KeyVaultManagementClient";"The Azure management API provides a RESTful set of";"";14-07-2016 10:37:31;19-02-2018 08:59:16
"Azure Location Based Services Resource Provider";"Resource Provider";"";04-12-2017 09:12:06;19-02-2018 08:41:37
"LogicManagementClient";"REST API for Azure Logic Apps.";"";10-04-2016 23:18:20;19-02-2018 08:41:37
"Azure ML Commitment Plans Management Client";"These APIs allow end users to operate on Azure Mac";"";26-08-2016 08:56:19;19-02-2018 08:59:16
"Azure ML Web Services Management Client";"These APIs allow end users to operate on Azure Mac";"";04-12-2017 09:12:06;19-02-2018 08:59:16
"Machine Learning Workspaces Management Client";"These APIs allow end users to operate on Azure Mac";"";04-12-2017 09:12:06;19-02-2018 08:41:37
"Machine Learning Compute Management Client";"These APIs allow end users to operate on Azure Mac";"";04-12-2017 09:12:06;19-02-2018 08:41:37
"ML Team Account Management Client";"These APIs allow end users to operate on Azure Mac";"";04-12-2017 09:12:06;19-02-2018 08:41:37
"MarketplaceOrdering.Agreements";"REST API for MarketplaceOrdering Agreements.";"";04-12-2017 09:12:06;19-02-2018 08:41:37
"MediaServicesManagementClient";"Media Services resource management APIs.";"";14-07-2016 10:37:31;19-02-2018 08:41:37
"Engagement.ManagementClient";"Microsoft Azure Mobile Engagement REST APIs.";"";10-04-2016 23:18:20;19-02-2018 08:41:37
"Azure Action Groups";"";"";04-12-2017 09:12:06;19-02-2018 08:41:37
"Azure Activity Log Alerts";"";"";04-12-2017 09:12:06;19-02-2018 08:41:37
"MonitorManagementClient";"";"";04-12-2017 09:12:06;19-02-2018 08:59:16
"MonitorManagementClient";"";"";25-11-2017 10:52:13;19-02-2018 08:41:37
"MonitorManagementClient";"";"";04-12-2017 09:12:06;19-02-2018 08:41:37
"MonitorManagementClient";"";"";02-10-2016 08:32:49;19-02-2018 08:41:37
"MonitorManagementClient";"";"";02-01-2018 11:52:51;19-02-2018 08:41:37
"MonitorManagementClient";"";"";02-01-2018 11:52:51;19-02-2018 08:41:37
"MonitorManagementClient";"";"";04-12-2017 09:12:06;19-02-2018 08:41:37
"MonitorManagementClient";"";"";04-12-2017 09:12:06;19-02-2018 08:41:37
"MonitorManagementClient";"";"";04-12-2017 09:12:06;19-02-2018 08:41:37
"MonitorManagementClient";"";"";04-12-2017 09:12:06;19-02-2018 08:41:37
"MonitorManagementClient";"";"";04-12-2017 09:12:06;19-02-2018 08:41:37
"MonitorManagementClient";"";"";04-12-2017 09:12:06;19-02-2018 08:41:37
"MonitorManagementClient";"";"";04-12-2017 09:12:06;19-02-2018 08:41:37
"MonitorManagementClient";"";"";04-12-2017 09:12:06;19-02-2018 08:41:37
"MonitorManagementClient";"";"";02-10-2016 08:32:49;19-02-2018 08:59:16
"ManagedServiceIdentityClient";"The Managed Service Identity Client.";"";02-01-2018 11:52:51;19-02-2018 08:41:37
"MySQLManagementClient";"The Microsoft Azure management API provides create";"";20-09-2017 08:49:01;19-02-2018 08:59:16
"NetworkManagementClient";"The Microsoft Azure Network management API provide";"";04-12-2017 09:12:06;19-02-2018 08:41:37
"NetworkManagementClient";"The Microsoft Azure Network management API provide";"";04-12-2017 09:12:06;19-02-2018 08:41:37
"NetworkManagementClient";"The Microsoft Azure Network management API provide";"";04-12-2017 09:12:06;19-02-2018 08:41:37
"NetworkManagementClient";"The Microsoft Azure Network management API provide";"";04-12-2017 09:12:06;19-02-2018 08:41:37
"NetworkManagementClient";"The Microsoft Azure Network management API provide";"";04-12-2017 09:12:06;19-02-2018 08:41:37
"NetworkManagementClient";"The Microsoft Azure Network management API provide";"";04-12-2017 09:12:06;19-02-2018 08:41:37
"NetworkManagementClient";"The Microsoft Azure Network management API provide";"";04-12-2017 09:12:06;19-02-2018 08:41:37
"NetworkManagementClient";"The Microsoft Azure Network management API provide";"";04-12-2017 09:12:06;19-02-2018 08:41:37
"NetworkManagementClient";"The Microsoft Azure Network management API provide";"";04-12-2017 09:12:06;19-02-2018 08:41:37
"NotificationHubsManagementClient";"Azure NotificationHub client";"";10-04-2016 23:18:20;19-02-2018 08:41:37
"Azure Log Analytics - Operations Management";"Azure Log Analytics API reference for Solution.";"";04-12-2017 09:12:06;19-02-2018 08:41:37
"PostgreSQLManagementClient";"The Microsoft Azure management API provides create";"";20-09-2017 08:49:01;19-02-2018 08:59:16
"PowerBIDedicated";"PowerBI Dedicated Web API provides a RESTful set o";"";04-12-2017 09:12:06;19-02-2018 08:41:37
"Power BI Embedded Management Client";"Client to manage your Power BI Embedded workspace ";"";22-05-2016 12:37:44;19-02-2018 08:41:37
"iotDpsClient";"API for using the Azure IoT Hub Device Provisionin";"";04-12-2017 09:12:06;19-02-2018 08:41:37
"RecoveryServicesBackupClient";"";"";24-04-2017 10:15:00;19-02-2018 08:41:37
"RecoveryServicesClient";"";"";04-12-2017 09:12:06;19-02-2018 08:41:37
"RecoveryServicesClient";"";"";04-12-2017 09:12:06;19-02-2018 08:41:37
"RecoveryServicesClient";"";"";04-12-2017 09:12:06;19-02-2018 08:41:37
"RecoveryServicesClient";"";"";02-10-2016 08:32:49;19-02-2018 08:41:37
"RecoveryServicesBackupClient";"";"";02-10-2016 08:32:49;19-02-2018 08:59:16
"RecoveryServicesBackupClient";"";"";02-10-2016 08:32:49;19-02-2018 08:41:37
"RecoveryServicesBackupClient";"";"";04-12-2017 09:12:06;19-02-2018 08:41:37
"RecoveryServicesBackupClient";"";"";04-12-2017 09:12:06;19-02-2018 08:41:37
"RecoveryServicesBackupClient";"";"";04-12-2017 09:12:06;19-02-2018 08:41:37
"SiteRecoveryManagementClient";"";"";20-09-2017 08:49:01;19-02-2018 08:41:37
"RedisManagementClient";"REST API for Azure Redis Cache Service.";"";04-12-2017 09:12:06;19-02-2018 08:41:37
"Relay";"Use these API to manage Azure Relay resources thro";"";24-04-2017 10:15:00;19-02-2018 08:41:37
"Azure Reservation";"This API describe Azure Reservation";"";04-12-2017 09:12:06;19-02-2018 08:41:37
"Microsoft.ResourceHealth";"The Resource Health Client.";"";24-04-2017 10:15:00;19-02-2018 08:41:37
"ResourceManagementClient";"Provides operations for working with resources and";"";04-12-2017 09:12:06;19-02-2018 08:59:16
"FeatureClient";"Azure Feature Exposure Control (AFEC) provides a m";"";04-12-2017 09:12:06;19-02-2018 08:41:37
"ManagementLinkClient";"Azure resources can be linked together to form log";"";04-12-2017 09:12:06;19-02-2018 08:41:37
"ManagementLockClient";"Azure resources can be locked to prevent other use";"";04-12-2017 09:12:06;19-02-2018 08:41:37
"ApplicationClient";"ARM applications";"";04-12-2017 09:12:06;19-02-2018 08:41:37
"Management Groups";"The Azure Management Groups API enables consolidat";"";04-12-2017 09:12:06;19-02-2018 08:41:37
"PolicyClient";"To manage and control access to your resources, yo";"";04-12-2017 09:12:06;19-02-2018 08:41:37
"PolicyClient";"To manage and control access to your resources, yo";"";04-12-2017 09:12:06;19-02-2018 08:41:37
"PolicyClient";"To manage and control access to your resources, yo";"";04-12-2017 09:12:06;19-02-2018 08:41:37
"PolicyClient";"To manage and control access to your resources, yo";"";04-12-2017 09:12:06;19-02-2018 08:41:37
"SubscriptionClient";"All resource groups and resources exist within sub";"";04-12-2017 09:12:06;19-02-2018 08:41:37
"SchedulerManagementClient";"";"";10-04-2016 23:18:20;19-02-2018 08:41:37
"SearchManagementClient";"Client that can be used to manage Azure Search ser";"";22-11-2016 15:57:03;19-02-2018 08:41:37
"ServerManagement";"REST API for Azure Server Management Service.";"";20-10-2016 16:26:05;19-02-2018 08:41:37
"Service Map";"Service Map API Reference";"";24-04-2017 10:15:00;19-02-2018 08:59:16
"ServiceBusManagementClient";"Azure Service Bus client";"";04-12-2017 09:12:06;19-02-2018 08:41:37
"ServiceFabricManagementClient";"Azure Service Fabric Resource Provider API Client";"";04-12-2017 09:12:06;19-02-2018 08:41:37
"SqlManagementClient";"The Azure SQL Database management API provides a R";"";04-12-2017 09:12:06;19-02-2018 08:41:37
"SqlManagementClient";"The Azure SQL Database management API provides a R";"";04-12-2017 09:12:06;19-02-2018 08:41:37
"Azure SQL Database Backup Long Term Retention Policy";"Provides read and update functionality for Azure S";"";04-12-2017 09:12:06;19-02-2018 08:41:37
"Azure SQL Server Backup Long Term Retention Vault";"Provides read and update functionality for Azure S";"";04-12-2017 09:12:06;19-02-2018 08:41:37
"Azure SQL Database Backup";"Provides read functionality for Azure SQL Database";"";04-12-2017 09:12:06;19-02-2018 08:59:16
"SqlManagementClient";"The Azure SQL Database management API provides a R";"";04-12-2017 09:12:06;19-02-2018 08:41:37
"SqlManagementClient";"The Azure SQL Database management API provides a R";"";04-12-2017 09:12:06;19-02-2018 08:41:37
"SqlManagementClient";"The Azure SQL Database management API provides a R";"";04-12-2017 09:12:06;19-02-2018 08:41:37
"Azure SQL Server API spec";"The Azure SQL Server management API provides a RES";"";04-12-2017 09:12:06;19-02-2018 08:41:37
"Azure SQL Database Datamasking Policies and Rules";"Provides create, read, update and delete functiona";"";04-12-2017 09:12:06;19-02-2018 08:41:37
"SqlManagementClient";"The Azure SQL Database management API provides a R";"";04-12-2017 09:12:06;19-02-2018 08:41:37
"Database Threat Detection Policy APIs";"Provides create, read and update functionality for";"";04-12-2017 09:12:06;19-02-2018 08:41:37
"Azure SQL Database";"Provides create, read, update and delete functiona";"";04-12-2017 09:12:06;19-02-2018 08:41:37
"SqlManagementClient";"The Azure SQL Database management API provides a R";"";04-12-2017 09:12:06;19-02-2018 08:41:37
"SqlManagementClient";"The Azure SQL Database management API provides a R";"";04-12-2017 09:12:06;19-02-2018 08:41:37
"SqlManagementClient";"The Azure SQL Database management API provides a R";"";04-12-2017 09:12:06;19-02-2018 08:41:37
"Azure SQL Database";"Provides read and update functionality for Azure S";"";04-12-2017 09:12:06;19-02-2018 08:41:37
"Azure SQL Database Import/Export spec";"Provides create and read functionality for Import/";"";04-12-2017 09:12:06;19-02-2018 08:41:37
"SqlManagementClient";"The Azure SQL Database management API provides a R";"";04-12-2017 09:12:06;19-02-2018 08:41:37
"Azure SQL Database";"Provides create, read, update and delete functiona";"";04-12-2017 09:12:06;19-02-2018 08:41:37
"SqlManagementClient";"The Azure SQL Database management API provides a R";"";04-12-2017 09:12:06;19-02-2018 08:41:37
"Azure SQL Database";"Provides create, read, update and delete functiona";"";04-12-2017 09:12:06;19-02-2018 08:41:37
"SqlManagementClient";"The Azure SQL Database management API provides a R";"";04-12-2017 09:12:06;19-02-2018 08:41:37
"Azure SQL Database replication links";"Provides read, delete, and failover functionality ";"";04-12-2017 09:12:06;19-02-2018 08:41:37
"SqlManagementClient";"The Azure SQL Database management API provides a R";"";04-12-2017 09:12:06;19-02-2018 08:41:37
"Azure SQL Database API spec";"The Azure SQL Database management API provides a R";"";04-12-2017 09:12:06;19-02-2018 08:41:37
"Azure SQL Database";"Provides create, read, update and delete functiona";"";04-12-2017 09:12:06;19-02-2018 08:41:37
"SqlManagementClient";"The Azure SQL Database management API provides a R";"";04-12-2017 09:12:06;19-02-2018 08:41:37
"SqlManagementClient";"The Azure SQL Database management API provides a R";"";04-12-2017 09:12:06;19-02-2018 08:41:37
"SqlManagementClient";"The Azure SQL Database management API provides a R";"";04-12-2017 09:12:06;19-02-2018 08:41:37
"Azure SQL Database";"Provides create, read, update and delete functiona";"";04-12-2017 09:12:06;19-02-2018 08:41:37
"Azure SQL Database";"Provides create, read, update and delete functiona";"";04-12-2017 09:12:06;19-02-2018 08:41:37
"SqlManagementClient";"The Azure SQL Database management API provides a R";"";04-12-2017 09:12:06;19-02-2018 08:41:37
"SqlManagementClient";"The Azure SQL Database management API provides a R";"";04-12-2017 09:12:06;19-02-2018 08:41:37
"SqlManagementClient";"The Azure SQL Database management API provides a R";"";04-12-2017 09:12:06;19-02-2018 08:41:37
"SqlManagementClient";"The Azure SQL Database management API provides a R";"";04-12-2017 09:12:06;19-02-2018 08:41:37
"SqlManagementClient";"The Azure SQL Database management API provides a R";"";04-12-2017 09:12:06;19-02-2018 08:41:37
"SqlManagementClient";"The Azure SQL Database management API provides a R";"";04-12-2017 09:12:06;19-02-2018 08:41:37
"StorageManagement";"The Azure Storage Management API.";"";04-12-2017 09:12:06;19-02-2018 08:41:37
"StorageImportExport";"The Storage Import/Export Resource Provider API.";"";04-12-2017 09:12:06;19-02-2018 08:41:37
"StorSimple8000SeriesManagementClient";"";"";24-04-2017 10:15:00;19-02-2018 08:41:37
"StreamAnalyticsManagementClient";"";"";20-09-2017 08:49:01;19-02-2018 08:41:37
"StreamAnalyticsManagementClient";"";"";04-12-2017 09:12:06;19-02-2018 08:41:37
"StreamAnalyticsManagementClient";"";"";04-12-2017 09:12:06;19-02-2018 08:41:37
"StreamAnalyticsManagementClient";"";"";04-12-2017 09:12:06;19-02-2018 08:41:37
"StreamAnalyticsManagementClient";"";"";04-12-2017 09:12:06;19-02-2018 08:41:37
"StreamAnalyticsManagementClient";"";"";04-12-2017 09:12:06;19-02-2018 08:41:37
"SubscriptionDefinitionsClient";"Subscription definitions client provides an interf";"";04-12-2017 09:12:06;19-02-2018 08:41:37
"TimeSeriesInsightsClient";"Time Series Insights client";"";04-12-2017 09:12:06;19-02-2018 08:41:37
"TrafficManagerManagementClient";"";"";04-12-2017 09:12:06;19-02-2018 08:41:37
"TrafficManagerManagementClient";"";"";04-12-2017 09:12:06;19-02-2018 08:41:37
"Visual Studio Resource Provider Client";"Use these APIs to manage Visual Studio Team Servic";"";04-12-2017 09:12:06;19-02-2018 08:41:37
"AppServiceCertificateOrders API Client";"";"";10-04-2016 23:18:20;19-02-2018 08:41:37
"AppServicePlans API Client";"";"";04-12-2017 09:12:06;19-02-2018 08:59:16
"CertificateRegistrationProvider API Client";"";"";04-12-2017 09:12:06;19-02-2018 08:41:37
"Certificates API Client";"";"";04-12-2017 09:12:06;19-02-2018 08:41:37
"DeletedWebApps API Client";"";"";04-12-2017 09:12:06;19-02-2018 08:41:37
"Diagnostics API Client";"";"";04-12-2017 09:12:06;19-02-2018 08:41:37
"DomainRegistrationProvider API Client";"";"";04-12-2017 09:12:06;19-02-2018 08:41:37
"Domains API Client";"";"";04-12-2017 09:12:06;19-02-2018 08:41:37
"Provider API Client";"";"";04-12-2017 09:12:06;19-02-2018 08:59:16
"Recommendations API Client";"";"";04-12-2017 09:12:06;19-02-2018 08:41:37
" API Client";"";"";04-12-2017 09:12:06;19-02-2018 08:41:37
"TopLevelDomains API Client";"";"";04-12-2017 09:12:06;19-02-2018 08:41:37
"LogicAppsManagementClient";"";"";27-05-2016 21:37:56;19-02-2018 08:41:37
"WebSite Management Client";"Use these APIs to manage Azure Websites resources ";"";04-12-2017 09:12:06;19-02-2018 08:41:37
"Radio & Music Services";"We encapsulate Radio & Music business logic for iP";"";10-07-2017 12:05:11;25-09-2017 12:07:00
"BBC Nitro";"BBC Nitro is the BBC's application programming int";"Open Nitro Project";20-12-2015 14:56:28;20-11-2017 15:10:56
"BBC iPlayer Business Layer";"The definitive iPlayer API.";"Open iBL Project";14-04-2016 12:48:50;20-11-2017 15:10:56
"BC Laws";"BC Laws is an electronic library providing free pu";"";20-04-2017 18:04:18;25-11-2017 10:53:03
"Beanstream Payments";"https://www.beanstream.com/api/v1";"";22-09-2015 16:21:28;04-04-2017 17:27:32
"BeezUP";"# The REST API of BeezUP system
## Overview
The RE";"";24-04-2017 21:26:55;19-02-2018 08:08:39
"Betfair: Exchange Streaming";"API to receive streamed updates. This is an ssl so";"BDP Support";26-11-2017 18:06:14;27-11-2017 12:30:31
"BigOven";"#Documentation

This is the documentation for th";"";06-04-2016 00:54:25;11-12-2017 13:15:36
"BikeWise API v2";"<p>This is an API for accessing information about ";"";13-07-2015 11:41:15;20-11-2017 15:10:56
"Bitbucket";"Code against the Bitbucket API to automate simple ";"Bitbucket Support";09-09-2016 08:57:20;30-05-2017 13:23:20
"Blazemeter API Explorer";"Live API Documentation";"";28-11-2017 18:45:29;05-02-2018 08:23:20
"IBM Containers";"Containers are virtual software objects that inclu";"";13-02-2017 12:25:20;09-11-2017 17:09:18
"Botify";"Botify Saas API";"";21-02-2016 16:54:05;19-02-2018 08:08:39
"Box 2.0 Authorization";"The Box Authorization API gives you access to auth";"";30-05-2017 11:13:24;30-05-2017 11:13:24
"Box 2.0";"The Box Content API gives you access to secure con";"";30-05-2017 11:13:24;27-06-2017 16:49:57
"Box 2.0 OAuth2 Token";"The Box Token API provides methods to retrieve an ";"";30-05-2017 11:13:24;27-06-2017 16:49:57
"Box 2.0 Uploads";"The Box Uploads API allows users to add a new file";"";30-05-2017 11:13:24;11-07-2017 07:50:08
"BrandLovers Marketplace API V1";"Allows sellers to: 1) Load products definitions to";"";14-06-2016 11:22:01;29-01-2018 11:16:07
"Brex";"";"";01-03-2018 12:40:34;01-03-2018 12:40:34
"Browshot";"Take screenshots of any website in real time";"API Support";01-02-2017 13:18:29;04-04-2017 17:27:32
"Bufferapp";"Social media management for marketers and agencies";"";27-11-2015 02:11:59;04-04-2017 17:27:32
"Bungie.Net";"These endpoints constitute the functionality expos";"Bungie.net API Support";29-08-2017 05:47:57;26-10-2017 12:46:47
"CallFire";"CallFire";"CallFire";04-09-2017 13:31:34;04-01-2018 14:42:04
"Cambase.io";"Cambase.io is a project by Evercam.io in order to ";"";13-07-2015 11:41:15;20-11-2017 15:10:56
"EVE Swagger Interface";"An OpenAPI for EVE Online";"";11-12-2017 13:15:36;19-02-2018 08:08:39
"Cenit IO - REST API Specification";"Cenit IO is an Open Platform for Data and Business";"Cenit IO Support";11-10-2016 20:15:56;04-04-2017 17:27:32
"Channel 4";"This is the place to come for all the technical de";"Open C4 Project";27-06-2016 13:56:46;04-04-2017 17:27:32
"CircleCI";"The CircleCI API is a RESTful, fully-featured API ";"";16-01-2017 20:50:47;04-04-2017 17:27:32
"REST API Version 2";"Circuit REST API to interact with the Circuit syst";"";11-12-2017 13:15:36;05-02-2018 08:23:20
"Cisco PSIRT openVuln";"The Cisco Product Security Incident Response Team ";"Omar Santos";14-09-2016 11:20:07;04-04-2017 17:27:32
"GoToMeeting";"<br>The GoToMeeting API provides seamless integrat";"Developer Support";24-10-2015 02:39:33;01-02-2018 07:11:28
"SCIM";"The SCIM API lets you manage users in your organiz";"Developer Support";06-11-2015 17:45:48;01-02-2018 07:11:28
"City Context";"City Context provides a straightforward API to acc";"";13-07-2015 11:41:15;20-11-2017 15:10:56
"Clarify";"The API to Search and Understand Audio & Video Dat";"";30-07-2015 15:41:50;22-01-2018 15:44:32
"Clever-Cloud";"Public API for managing Clever-Cloud data and prod";"";26-11-2017 10:49:07;22-01-2018 15:44:32
"Data";"Serves the Clever Data API";"";24-02-2018 16:46:58;24-02-2018 16:46:58
"ClickMeter";"Api dashboard for ClickMeter API";"Api Support";11-06-2015 00:06:11;04-04-2017 17:27:32
"ocrapi";"";"";22-01-2018 14:08:47;22-01-2018 14:08:47
"Cnab Online";"Processe arquivos de retorno CNAB";"";10-04-2017 06:44:10;10-04-2017 06:44:10
"The Consumer Financial Protection Bureau";"Learn more about home mortgage data, download the ";"";29-11-2015 02:15:33;04-10-2017 09:28:05
"CORE API v2";"<p style="text-align: justify;">You can use the CO";"";25-08-2015 07:36:07;19-02-2018 08:08:39
"EU BON UTIS";"The Unified Taxonomic Information Service (UTIS) i";"";19-09-2015 02:16:17;19-02-2018 08:08:39
"Regulations.gov";"Provides public users access to federal regulatory";"";29-11-2015 05:55:33;19-02-2018 08:08:39
"Data2CRM.API";"<p>Make use of our in-depth documentation to get m";"";09-03-2016 05:58:34;04-04-2017 17:27:32
"Open Skills";"A complete and standard data store for canonical a";"Work Data Initiative";04-09-2017 14:08:53;04-09-2017 14:08:53
"DatumBox";"Datumbox offers a Machine Learning platform compos";"";16-06-2015 17:18:08;20-11-2017 15:10:56
"Deep Art Effects";"";"";26-11-2017 17:48:18;26-11-2017 17:48:18
"Betriebsstellen";"This REST-API enables you to query station and sto";"DB Systel GmbH";08-05-2017 14:44:53;31-07-2017 11:42:10
"Fahrplan-Free";"A RESTful webservice to request a railway journey ";"DBOpenData";08-05-2017 14:44:53;31-07-2017 11:42:10
"FaSta-Station_Facilities_Status";"A RESTful webservice to retrieve data about the op";"Michael Binzen";08-05-2017 14:44:53;31-07-2017 11:42:10
"Flinkster_API_NG";"This REST-API enables you to query for private tra";"DB Rent GmbH";08-05-2017 14:44:53;31-07-2017 11:42:10
"Reisezentren-API";"This REST-API enables you to query information abo";"DB Systel GmbH";08-05-2017 14:44:53;19-12-2017 15:07:24
"Stationsdatenbereitstellung";"An API providing master data for german railway st";"";08-05-2017 14:44:53;23-10-2017 13:10:35
"DLx";"The Digital Linguistics (DLx) REST API";"Daniel W. Hieber";23-02-2018 08:02:32;23-02-2018 08:02:32
"DocuSign";"The DocuSign REST API provides you with a powerful";"DocuSign Dev Center";15-08-2017 10:57:49;15-08-2017 10:57:49
"domainsdb.info";"Registered domains search checks the lists of regi";"";20-09-2017 14:06:35;20-09-2017 14:06:35
"DRACOON";"REST Web Services for DRACOON.<br> Version. 4.5.0 ";"";28-02-2018 18:06:22;28-02-2018 18:06:22
"DropX";"dropX.io API provides programmatic access to the e";"";31-08-2017 08:07:31;31-08-2017 08:07:31
"dweet.io";"Dweet.io allows users to share data from mobile, t";"";11-11-2015 23:20:20;23-10-2017 13:10:35
"API to View & Search for Items";"The Browse API lets shoppers search for specific i";"eBay Inc,";31-07-2017 09:48:45;19-02-2018 08:08:39
"Item Feed Service";"The Feed API provides the ability to download dail";"eBay Inc,";27-11-2017 09:31:58;29-01-2018 10:51:01
"Buy Marketing";"The Marketing API retrieves eBay products based on";"eBay Inc,";31-07-2017 09:48:45;27-11-2017 09:45:01
"Taxonomy";"Use the Taxonomy API to discover the most appropri";"eBay Inc,";31-07-2017 09:48:45;27-11-2017 09:45:01
"Fulfillment";"Use the Fulfillment API to complete the process of";"eBay Inc.";27-11-2017 09:31:58;27-11-2017 09:31:58
"API v1.0.0";"
[![Run in Postman](https://run.pstmn.io/button.s";"";01-02-2018 06:39:42;01-02-2018 06:39:42
"U.S. EPA Enforcement and Compliance History Online (ECHO) - Clean Air Act";"Enforcement and Compliance History Online (ECHO) i";"US EPA, OECA Integration, Targeting and Access Branch";21-03-2017 21:46:37;13-11-2017 17:00:58
"U.S. EPA Enforcement and Compliance History Online (ECHO) - Enforcement Case Search";"Enforcement and Compliance History Online (ECHO) i";"US EPA, OECA Integration, Targeting and Access Branch";21-03-2017 21:46:37;19-02-2018 08:08:39
"U.S. EPA Enforcement and Compliance History Online (ECHO) - Clean Water Act (CWA) Rest Services";"Enforcement and Compliance History Online (ECHO) i";"US EPA, OECA Integration, Targeting and Access Branch";21-03-2017 21:46:37;19-02-2018 08:08:39
"U.S. EPA Enforcement and Compliance History Online (ECHO) - Detailed Facility Report (DFR)";"Enforcement and Compliance History Online (ECHO) i";"US EPA, OECA Integration, Targeting and Access Branch";21-03-2017 21:46:37;13-11-2017 17:00:58
"U.S. EPA Enforcement and Compliance History Online (ECHO) - All Data";"Enforcement and Compliance History Online (ECHO) i";"US EPA, OECA Integration, Targeting and Access Branch";21-03-2017 21:46:37;13-11-2017 17:00:58
"U.S. EPA Enforcement and Compliance History Online (ECHO) - Effluent Charting and Reporting";"Enforcement and Compliance History Online (ECHO) i";"US EPA, OECA Integration, Targeting and Access Branch";21-03-2017 21:46:37;13-11-2017 17:00:58
"U.S. EPA Enforcement and Compliance History Online (ECHO) - Resource Conservation and Recovery Act ";"Enforcement and Compliance History Online (ECHO) i";"US EPA, OECA Integration, Targeting and Access Branch";21-03-2017 21:46:37;13-11-2017 17:00:58
"U.S. EPA Enforcement and Compliance History Online (ECHO) - Safe Drinking Water Act";"Enforcement and Compliance History Online (ECHO) i";"US EPA, OECA Integration, Targeting and Access Branch";21-03-2017 21:46:37;20-09-2017 08:20:19
"EtMDB REST API v1";"The Ethiopian Movie Database";"";16-10-2017 11:42:42;22-01-2018 15:44:32
"Europeana";"This Swagger API console provides an overview of a";"http://labs.europeana.eu/api";13-07-2016 20:28:00;05-02-2018 07:13:13
"ExaVault";"ExaVault's API allows you to incorporate ExaVault'";"";30-06-2015 22:26:14;01-03-2018 12:59:17
"Figshare";"Figshare apiv2. Using Swagger 2.0";"";05-07-2017 21:35:01;19-02-2018 08:08:39
"FireBrowse Beta API";"A simple and elegant way to explore cancer data";"";03-07-2015 15:51:44;20-11-2017 15:10:56
"Flat";"The Flat API allows you to easily extend the abili";"Flat";22-04-2017 11:51:48;19-02-2018 08:08:39
"Flickr API Schema";"A subset of Flickr's API defined in Swagger format";"";23-02-2018 08:51:29;23-02-2018 08:51:29
"API V1";"";"";26-11-2017 17:22:38;26-11-2017 17:22:38
"Freesound";"With the Freesound APIv2 you can browse, search, a";"";20-09-2017 14:00:38;20-09-2017 14:00:38
"FunTranslations";"Funtranslations API gives access to the full set o";"Fun Translations";13-11-2017 12:15:51;13-11-2017 12:15:51
"Furkot Trips";"Furkot provides Rest API to access user trip data.";"";14-09-2016 08:16:57;04-04-2017 17:27:32
"Geneea Natural Language Processing";"<div class="api-description">
    <h2>Authenticati";"";23-08-2015 20:35:00;22-01-2018 15:44:32
"RAMADDA";"Search for data in lots of places - manage your do";"";19-09-2015 02:16:17;19-02-2018 08:08:39
"GoToTraining";"The GoToTraining API enables developers to use the";"Developer Support";24-10-2015 02:39:33;11-05-2017 11:35:35
"GoToWebinar";"The GoToWebinar API provides seamless integration ";"Developer Support";24-10-2015 02:39:33;11-05-2017 11:35:35
"Sandbox";"Sandbox API";"Sandbox Support";23-08-2016 13:48:35;04-04-2017 17:27:32
"Getty Images";"Build applications using the world's most powerful";"";30-06-2015 22:07:35;05-02-2018 08:23:20
"Giphy";"Giphy API";"";27-08-2017 02:15:18;20-09-2017 08:20:19
"Gisgraphy webservices";"Since 2006, [Gisgraphy](http://www.gisgraphy.com) ";"davidmasclet@gisgraphy.com";04-09-2017 14:31:34;05-02-2018 07:13:13
"GitHub";"Powerful collaboration, code review, and code mana";"";02-12-2015 11:29:19;04-04-2017 17:27:32
"Gitlab";"The platform for modern developers
GitLab unifies ";"";11-04-2017 09:59:29;11-04-2017 10:17:56
"Google Abusive Experience Report";"View Abusive Experience Report data, and get a lis";"Google";08-06-2017 16:31:56;19-02-2018 08:08:39
"Accelerated Mobile Pages (AMP) URL";"Retrieves the list of AMP URLs (and equivalent AMP";"Google";22-05-2016 12:37:44;19-02-2018 08:08:39
"Ad Exchange Buyer";"Accesses your bidding-account information, submits";"Google";22-02-2015 20:00:45;22-01-2018 16:20:40
"Ad Exchange Buyer API II";"Accesses the latest features for managing Ad Excha";"Google";22-02-2016 20:03:41;23-10-2017 15:30:38
"Ad Exchange Seller";"Accesses the inventory of Ad Exchange seller users";"Google";22-02-2015 20:00:45;22-01-2018 16:20:40
"Google Ad Experience Report";"View Ad Experience Report data, and get a list of ";"Google";08-06-2017 16:31:56;19-02-2018 08:08:39
"Admin Reports";"Fetches reports for the administrators of G Suite ";"Google";22-02-2015 20:00:45;22-01-2018 16:20:40
"AdSense Management";"Accesses AdSense publishers' inventory and generat";"Google";22-02-2015 20:00:45;19-02-2018 08:08:39
"AdSense Host";"Generates performance reports, generates ad codes,";"Google";22-02-2015 20:00:45;19-02-2018 08:08:39
"Google Analytics";"Views and manages your Google Analytics data.";"Google";22-02-2015 20:00:45;22-01-2018 16:20:40
"Google Analytics Reporting";"Accesses Analytics report data.";"Google";08-04-2016 19:10:13;19-02-2018 08:08:39
"Android Device Provisioning Partner";"Automates Android zero-touch enrollment for device";"Google";24-04-2017 10:15:00;19-02-2018 08:08:39
"Google Play EMM";"Manages the deployment of apps to Android for Work";"Google";14-04-2015 17:40:46;19-02-2018 08:08:39
"Android Management";"The Android Management API provides remote enterpr";"Google";25-09-2017 11:04:46;19-02-2018 08:08:39
"Google Play Developer";"Lets Android application developers access their G";"Google";22-02-2015 20:00:45;19-02-2018 08:08:39
"Google App Engine Admin";"The App Engine Admin API enables developers to pro";"Google";16-12-2015 14:39:52;19-02-2018 08:08:39
"G Suite Activity";"Provides a historical view of activity.";"Google";22-02-2015 20:00:45;19-02-2018 08:08:39
"Google App State";"The Google App State API.";"Google";22-02-2015 20:00:45;19-02-2018 08:08:39
"BigQuery";"A data platform for customers to create, manage, s";"Google";22-02-2015 20:00:45;19-02-2018 08:08:39
"BigQuery Data Transfer";"Transfers data from partner SaaS applications to G";"Google";08-06-2017 16:31:56;19-02-2018 08:08:39
"Blogger";"API for access to the data within Blogger.";"Google";22-02-2015 20:00:45;22-01-2018 16:20:40
"Books";"Searches for books and manages your Google Books l";"Google";22-02-2015 20:00:45;04-01-2018 14:40:55
"Calendar";"Manipulates events and other calendar data.";"Google";22-02-2015 20:00:45;19-02-2018 08:08:39
"Google Civic Information";"Provides polling places, early vote locations, con";"Google";22-02-2015 20:00:45;22-01-2018 16:20:40
"Google Classroom";"Manages classes, rosters, and invitations in Googl";"Google";30-06-2015 20:09:46;19-02-2018 08:08:39
"Google Cloud Billing";"Allows developers to manage billing for their Goog";"Google";16-12-2015 14:39:52;19-02-2018 08:08:39
"Google Cloud Container Builder";"Builds container images in the cloud.";"Google";25-01-2016 14:37:32;19-02-2018 08:08:39
"Stackdriver Debugger";"Examines the call stack and variables of a running";"Google";24-07-2015 18:21:31;19-02-2018 08:08:39
"Stackdriver Error Reporting";"Groups and counts similar errors from cloud servic";"Google";24-03-2016 22:42:15;19-02-2018 08:08:39
"Google Cloud Functions";"API for managing lightweight user-provided functio";"Google";25-01-2016 14:37:32;19-02-2018 08:08:39
"Google Cloud IoT";"Registers and manages IoT (Internet of Things) dev";"Google";15-01-2017 17:34:50;19-02-2018 08:08:39
"Google Cloud Key Management Service (KMS)";"Manages encryption for your cloud services the sam";"Google";15-01-2017 17:34:50;19-02-2018 08:08:39
"Cloud Monitoring";"Accesses Google Cloud Monitoring data.";"Google";22-02-2015 20:00:45;04-10-2017 10:07:54
"Google Cloud Resource Manager";"The Google Cloud Resource Manager API provides met";"Google";09-06-2015 12:48:30;19-02-2018 08:08:39
"Cloud Tasks";"Manages the execution of large numbers of distribu";"Google";25-09-2017 11:04:46;19-02-2018 08:08:39
"Stackdriver Trace";"Sends application trace data to Stackdriver Trace ";"Google";24-04-2017 10:15:00;19-02-2018 08:08:39
"Cloud User Accounts";"Creates and manages users and groups for accessing";"Google";22-02-2015 20:00:45;22-01-2018 16:20:40
"Compute Engine";"Creates and runs virtual machines on Google Cloud ";"Google";22-02-2015 20:00:45;19-02-2018 08:08:39
"Consumer Surveys";"Creates and conducts surveys, lists the surveys th";"Google";08-04-2016 19:10:13;04-10-2017 10:07:54
"Google Kubernetes Engine";"The Google Kubernetes Engine API is used for build";"Google";22-02-2015 20:00:45;19-02-2018 08:08:39
"Content API for Shopping";"Manages product items, inventory, and Merchant Cen";"Google";22-02-2015 20:00:45;19-02-2018 08:08:39
"CustomSearch";"Searches over a website or collection of websites";"Google";22-02-2015 20:00:45;22-01-2018 16:20:40
"Google Dataflow";"Manages Google Cloud Dataflow projects on Google C";"Google";22-02-2015 20:00:45;19-02-2018 08:08:39
"Google Cloud Dataproc";"Manages Hadoop-based clusters and jobs on Google C";"Google";16-12-2015 14:39:52;19-02-2018 08:08:39
"Google Cloud Datastore";"Accesses the schemaless NoSQL database to provide ";"Google";04-04-2016 09:21:47;19-02-2018 08:08:39
"Google Cloud Deployment Manager";"Declares, configures, and deploys complex solution";"Google";22-02-2015 20:00:45;19-02-2018 08:08:39
"DCM/DFA Reporting And Trafficking";"Manages your DoubleClick Campaign Manager ad campa";"Google";22-02-2015 20:00:45;22-01-2018 16:20:40
"APIs Discovery Service";"Provides information about other Google APIs, such";"Google";22-02-2015 20:00:45;22-01-2018 16:20:40
"DLP";"The Google Data Loss Prevention API provides metho";"Google";24-04-2017 10:15:00;19-02-2018 08:08:39
"Google Cloud DNS";"Configures and serves authoritative DNS records.";"Google";22-02-2015 20:00:45;19-02-2018 08:08:39
"DoubleClick Bid Manager";"API for viewing and managing your reports in Doubl";"Google";22-02-2015 20:00:45;19-02-2018 08:08:39
"DoubleClick Search";"Reports and modifies your advertising data in Doub";"Google";22-02-2015 20:00:45;19-02-2018 08:08:39
"Drive";"Manages files in Drive including uploading, downlo";"Google";12-12-2015 00:25:13;19-02-2018 08:08:39
"Firebase Dynamic Links";"Programmatically creates and manages Firebase Dyna";"Google";02-10-2016 08:32:49;19-02-2018 08:08:39
"Firebase Remote Config";"Firebase Remote Config API allows the 3P clients t";"Google";25-09-2017 11:04:46;29-01-2018 10:51:01
"Firebase Rules";"Creates and manages rules that determine when a Fi";"Google";12-05-2016 20:45:18;19-02-2018 08:08:39
"Google Cloud Firestore";"";"Google";04-10-2017 10:07:54;19-02-2018 08:08:39
"Fitness";"Stores and accesses user data in the fitness store";"Google";22-02-2015 20:00:45;22-01-2018 16:20:40
"Fusion Tables";"API for working with Fusion Tables data.";"Google";22-02-2015 20:00:45;22-01-2018 16:20:40
"Google Play Game Services";"The API for Google Play Game Services.";"Google";22-02-2015 20:00:45;19-02-2018 08:08:39
"Google Play Game Services Publishing";"The Publishing API for Google Play Game Services.";"Google";22-02-2015 20:00:45;19-02-2018 08:08:39
"Google Play Game Services Management";"The Management API for Google Play Game Services.";"Google";22-02-2015 20:00:45;19-02-2018 08:08:39
"Genomics";"Upload, process, query, and search Genomics data i";"Google";22-02-2015 20:00:45;19-02-2018 08:08:39
"Gmail";"Access Gmail mailboxes including sending user emai";"Google";22-02-2015 20:00:45;19-02-2018 08:08:39
"Groups Migration";"Groups Migration Api.";"Google";22-02-2015 20:00:45;22-01-2018 16:20:40
"Groups Settings";"Lets you manage permission levels and related sett";"Google";22-02-2015 20:00:45;22-01-2018 16:20:40
"Google Identity and Access Management (IAM)";"Manages identity and access control for Google Clo";"Google";30-01-2016 23:13:22;19-02-2018 08:08:39
"Google Identity Toolkit";"Help the third party sites to implement federated ";"Google";22-02-2015 20:00:45;22-01-2018 16:20:40
"Knowledge Graph Search";"Searches the Google Knowledge Graph for entities.";"Google";16-12-2015 14:39:52;19-02-2018 08:08:39
"Google Cloud Natural Language";"Provides natural language understanding technologi";"Google";22-11-2016 15:57:03;19-02-2018 08:08:39
"Enterprise License Manager";"Views and manages licenses for your domain.";"Google";22-02-2015 20:00:45;22-01-2018 16:20:40
"Stackdriver Logging";"Writes log entries and manages your Stackdriver Lo";"Google";08-10-2015 16:46:43;19-02-2018 08:08:39
"Manufacturer Center";"Public API for managing Manufacturer Center relate";"Google";30-10-2016 20:34:09;19-02-2018 08:08:39
"Google Mirror";"Interacts with Glass users via the timeline.";"Google";22-02-2015 20:00:45;19-02-2018 08:08:39
"Google Cloud Machine Learning Engine";"An API to enable creating and using machine learni";"Google";02-10-2016 08:32:49;11-12-2017 13:21:54
"Stackdriver Monitoring";"Manages your Stackdriver Monitoring data and confi";"Google";16-03-2016 19:45:29;19-02-2018 08:08:39
"Google OAuth2";"Obtains end-user authorization grants for use with";"Google";22-02-2015 20:00:45;22-01-2018 16:20:40
"Google Cloud OS Login";"Manages OS login configuration for Google account ";"Google";25-09-2017 11:04:46;19-02-2018 08:08:39
"PageSpeed Insights";"Analyzes the performance of a web page and provide";"Google";22-02-2015 20:00:45;19-02-2018 08:08:39
"Google Partners";"Searches certified companies and creates contact l";"Google";15-07-2015 20:10:05;19-02-2018 08:08:39
"Google People";"Provides access to information about profiles and ";"Google";17-02-2016 13:10:35;19-02-2018 08:08:39
"Google Play Custom App Publishing";"An API to publish custom Android apps.";"Google";22-02-2015 20:00:45;22-01-2018 16:20:40
"Google Play Movies Partner";"Gets the delivery status of titles for Google Play";"Google";09-06-2015 12:48:30;23-10-2017 15:30:38
"Google+";"Builds on top of the Google+ platform.";"Google";22-02-2015 20:00:45;19-02-2018 08:08:39
"Google+ Domains";"Builds on top of the Google+ platform for Google A";"Google";22-02-2015 20:00:45;19-02-2018 08:08:39
"Poly";"The Poly API provides read-only access to assets h";"Google";11-12-2017 06:36:53;19-02-2018 08:08:39
"Prediction";"Lets you access a cloud hosted machine learning se";"Google";22-02-2015 20:00:45;22-01-2018 16:20:40
"Google Proximity Beacon";"Registers, manages, indexes, and searches beacons.";"Google";16-12-2015 14:39:52;19-02-2018 08:08:39
"Google Cloud Pub/Sub";"Provides reliable, many-to-many, asynchronous mess";"Google";16-12-2015 14:39:52;19-02-2018 08:08:39
"QPX Express";"Finds the least expensive flights between an origi";"Google";22-02-2015 20:00:45;04-10-2017 10:07:54
"Google Compute Engine Instance Group Manager";"[Deprecated. Please use Instance Group Manager in ";"Google";22-02-2015 20:00:45;22-01-2018 16:20:40
"Google Compute Engine Instance Group Updater";"[Deprecated. Please use compute.instanceGroupManag";"Google";22-02-2015 20:00:45;22-01-2018 16:20:40
"Enterprise Apps Reseller";"Creates and manages your customers and their subsc";"Google";22-02-2015 20:00:45;22-01-2018 16:20:40
"Google Compute Engine Instance Groups";"The Resource View API allows users to create and m";"Google";22-02-2015 20:00:45;22-01-2018 16:20:40
"Google Cloud Runtime Configuration";"The Runtime Configurator allows you to dynamically";"Google";25-01-2016 14:37:32;19-02-2018 08:08:39
"Google Safe Browsing";"Enables client applications to check web resources";"Google";27-04-2016 13:30:31;19-02-2018 08:08:39
"Google Apps Script";"An API for managing and executing Google Apps Scri";"Google";28-09-2015 21:22:10;19-02-2018 08:08:39
"Google Search Console URL Testing Tools";"Provides tools for running validation tests agains";"Google";22-05-2016 12:37:44;19-02-2018 08:08:39
"Service Consumer Management";"Provides management methods for configuring servic";"Google";04-08-2016 10:54:01;19-02-2018 08:08:39
"Google Service Control";"Google Service Control provides control plane func";"Google";04-08-2016 10:54:01;19-02-2018 08:08:39
"Google Service Management";"Google Service Management allows service producers";"Google";04-08-2016 10:54:01;19-02-2018 08:08:39
"Google Service User";"Enables services that service consumers want to us";"Google";04-08-2016 10:54:01;19-02-2018 08:08:39
"Google Sheets";"Reads and writes Google Sheets.";"Google";22-05-2016 12:37:44;19-02-2018 08:08:39
"Google Site Verification";"Verifies ownership of websites or domains with Goo";"Google";22-02-2015 20:00:45;22-01-2018 16:20:40
"Google Slides";"An API for creating and editing Google Slides pres";"Google";22-11-2016 15:57:03;19-02-2018 08:08:39
"Cloud Source Repositories";"Access source code repositories hosted by Google.";"Google";16-03-2017 10:54:08;19-02-2018 08:08:39
"Cloud Spanner";"Cloud Spanner is a managed, mission-critical, glob";"Google";16-03-2017 10:54:08;19-02-2018 08:08:39
"Google Spectrum Database";"API for spectrum-management functions.";"Google";22-02-2015 20:00:45;19-02-2018 08:08:39
"Google Cloud Speech";"Converts audio to text by applying powerful neural";"Google";25-01-2016 14:37:32;19-02-2018 08:08:39
"Cloud SQL Administration";"Creates and configures Cloud SQL instances, which ";"Google";22-02-2015 20:00:45;19-02-2018 08:08:39
"Cloud Storage";"Stores and retrieves potentially large, immutable ";"Google";22-02-2015 20:00:45;19-02-2018 08:08:39
"Google Storage Transfer";"Transfers data from external data sources to a Goo";"Google";16-12-2015 14:39:52;19-02-2018 08:08:39
"Street View Publish";"Publishes 360 photos to Google Maps, along with po";"Google";25-09-2017 11:04:46;19-02-2018 08:08:39
"Surveys";"Creates and conducts surveys, lists the surveys th";"Google";08-04-2016 19:10:13;22-01-2018 16:20:40
"Tag Manager";"Accesses Tag Manager accounts and containers.";"Google";22-02-2015 20:00:45;22-01-2018 16:20:40
"TaskQueue";"Accesses a Google App Engine Pull Task Queue over ";"Google";22-02-2015 20:00:45;22-01-2018 16:20:40
"Tasks";"Lets you manage your tasks and task lists.";"Google";22-02-2015 20:00:45;22-01-2018 16:20:40
"Google Cloud Testing";"Allows developers to run automated tests for their";"Google";25-09-2017 11:04:46;19-02-2018 08:08:39
"Cloud Tool Results";"Reads and publishes results from Firebase Test Lab";"Google";08-03-2016 22:45:20;19-02-2018 08:08:39
"Cloud TPU";"TPU API provides customers with access to Google T";"Google";25-01-2016 14:37:32;19-02-2018 08:08:39
"Stackdriver Trace";"Send and retrieve trace data from Stackdriver Trac";"Google";24-04-2017 10:15:00;11-07-2017 07:50:08
"Google Cloud Translation";"The Google Cloud Translation API lets websites and";"Google";22-02-2015 20:00:45;19-02-2018 08:08:39
"URL Shortener";"Lets you create, inspect, and manage goo.gl short ";"Google";22-02-2015 20:00:45;22-01-2018 16:20:40
"Google Vault";"Archiving and eDiscovery for G Suite.";"Google";25-09-2017 11:04:46;19-02-2018 08:08:39
"Cloud Video Intelligence";"Cloud Video Intelligence API.";"Google";25-01-2016 14:37:32;19-02-2018 08:08:39
"Google Cloud Vision";"Integrates Google Vision features, including image";"Google";04-02-2016 01:12:42;19-02-2018 08:08:39
"Google Fonts Developer";"Accesses the metadata for all families served by G";"Google";22-02-2015 20:00:45;22-01-2018 16:20:40
"Search Console";"View Google Search Console data for your verified ";"Google";22-02-2015 20:00:45;19-02-2018 08:08:39
"YouTube Data";"Supports core YouTube features, such as uploading ";"Google";22-02-2015 20:00:45;20-02-2018 17:15:51
"YouTube Analytics";"Retrieves your YouTube Analytics data.";"Google";22-02-2015 20:00:45;20-02-2018 17:15:51
"YouTube Reporting";"Schedules reporting jobs containing your YouTube A";"Google";16-12-2015 14:39:52;20-02-2018 17:15:51
"BC Data Catalogue";"This API provides live access to the BC Data Catal";"Data BC";20-04-2017 18:04:18;20-04-2017 18:04:18
"BC Geographical Names Web Service -";"This REST API provides searchable access to inform";"BC Geographical Names Office";20-04-2017 18:04:18;20-04-2017 18:04:18
"Geocoder";"This API represents address cleaning, correction, ";"DataBC";20-04-2017 18:04:18;25-11-2017 10:53:03
"GeoMark Web Service";"The Geomark Web Service allows you to create and s";"Data BC";20-04-2017 18:04:18;23-10-2017 13:10:35
"WorkBC Job Posting";"This API allows you to receive a feed of jobs from";"";20-04-2017 18:04:18;25-11-2017 10:53:03
"DriveBC's Open511";"This API is DriveBC's implementation of the Open51";"Drive BC";20-04-2017 18:04:18;25-11-2017 10:53:03
"BC Route Planner";"Finds shortest/fastest route between a start point";"Data BC";20-04-2017 18:04:18;23-10-2017 13:10:35
"Route Optimization";"Our Route Optimization API solves the so called ve";"";16-11-2015 20:41:24;04-04-2017 17:27:32
"Greenwire Public";"Greenpeace Greenwire allows you connect with other";"Greenpeace International contact";23-02-2018 08:36:47;23-02-2018 08:36:47
"Discovery Market Research";"<p>This API drives the <a href="https://discovery.";"";18-06-2015 13:18:55;19-02-2018 08:08:39
"HackathonWatch";"";"";26-11-2017 14:05:20;26-11-2017 14:05:20
"Metadata";"API that provides Metadata information.";"";27-11-2017 19:00:45;27-11-2017 20:19:37
"Profile";"API that provides Profile information about Player";"";27-11-2017 20:21:00;27-11-2017 20:21:00
"Stats";"API that provides statistical data about Players a";"";27-11-2017 20:21:31;22-01-2018 15:44:32
"UGC";"API that provides Metadata about User-Generated Co";"";27-11-2017 20:20:12;27-11-2017 20:20:12
"Healthcare";"";"";05-12-2015 06:47:56;04-04-2017 17:27:32
"hetras Booking API Version 0";"";"";02-07-2015 13:47:37;19-02-2018 08:08:39
"hetras Hotel API Version 0";"";"";29-10-2015 17:09:43;19-02-2018 08:08:39
"HHS Media Services";"
<div class="swagger-ui-wrap extraFooter"><h3>Comm";"";09-11-2015 22:55:27;20-11-2017 15:10:56
"HSBC UK";"";"";25-11-2017 17:57:32;25-11-2017 17:57:32
"Icons8";"Icons8 API allows us to search and obtain [our ico";"";28-09-2017 13:50:57;18-12-2017 08:20:02
"Active Documentation for /v1";"Our active docs provide the ability to test out yo";"";07-09-2015 18:18:34;05-02-2018 07:13:13
"IoE² IoT API - to create end-user applications";"";"IJENKO";01-02-2017 11:44:50;30-05-2017 07:45:19
"IllumiDesk";"";"";26-09-2017 13:42:23;19-02-2018 08:08:39
"import.io";"";"";15-01-2017 22:52:58;18-12-2017 07:27:05
"import.io";"";"";15-01-2017 22:52:58;18-12-2017 07:27:05
"import.io";"";"";15-01-2017 22:52:58;18-12-2017 07:27:05
"import.io";"";"";15-01-2017 22:52:58;18-12-2017 07:27:05
"import.io";"";"";15-01-2017 22:52:58;18-12-2017 07:27:05
"Mailsquad";"MailSquad offers an affordable and super easy way ";"";22-10-2015 19:48:00;29-04-2017 11:24:42
"Infermedica";"Empower your healthcare services with intelligent ";"";08-02-2018 09:43:30;08-02-2018 09:43:30
"Instagram";"Description of Instagram RESTful API.

Current lim";"Instagram";05-08-2015 18:22:21;11-01-2018 10:12:02
"Instawell";"The Instawell API gives you access to  helpers all";"";14-11-2017 15:56:36;14-11-2017 15:56:36
"iQualify";"The iQualify API offers management and analytics r";"";27-11-2017 10:56:45;22-01-2018 15:44:32
"API iSendPro";"[1] Liste des fonctionnalités :
- envoi de SMS à";"iSendPro Support Team";27-11-2017 10:56:57;27-11-2017 12:55:03
"Entertainment Express";"Your Gateway to Building Incredible Movie, TV, and";"";25-11-2017 18:31:14;30-11-2017 17:31:05
"Jirafe Events";"API endpoins for sending Jirafe events";"";11-11-2015 23:47:36;20-11-2017 15:10:56
"Jumpseller API";"Explore all our endpoints with your own set of of ";"";25-11-2017 11:27:33;05-02-2018 08:23:20
"koomalooma Partner";"This is the koomalooma Partner API. koomalooma is ";"";26-11-2017 18:10:14;26-11-2017 18:10:14
"Deed";"Land Registry Deed API";"";24-02-2018 17:19:57;24-02-2018 17:19:57
"LaunchDarkly";"Build custom integrations with the LaunchDarkly RE";"LaunchDarkly Support";29-09-2017 06:46:56;19-02-2018 08:08:39
"Learnifier";"";"";06-11-2015 17:45:48;27-02-2018 17:51:33
"link.fish";"API to easily extract data from websites.


# Base";"link.fish";11-12-2017 13:15:36;11-12-2017 13:57:27
"LotaData";"Access the most exhaustive, accurate and up-to-dat";"";04-09-2017 13:21:43;04-09-2017 13:21:43
"LH Partner";"";"";08-08-2017 12:19:23;08-08-2017 12:19:23
"LH Public";"";"";08-08-2017 12:19:23;22-01-2018 15:44:32
"Lyft";"Drive your app to success with Lyft's API";"Lyft";22-04-2017 14:11:24;04-09-2017 12:48:35
"Magento Enterprise";"Magento Commerce is the leading provider of open o";"";30-09-2016 14:10:15;26-06-2017 18:31:20
"Tradeworks";"Authentication is required to access all methods o";"";13-07-2015 11:41:15;07-12-2017 12:01:39
"Mandrill";"Mandrill is a reliable, scalable, and secure deliv";"";09-12-2015 12:55:37;04-04-2017 17:27:32
"Geo DB";"This developer-centric REST API focuses on getting";"";30-10-2017 12:32:36;04-01-2018 14:42:04
"Rat Genome Database";"The RGD REST API provides programmatic access to i";"Rat Genome Database";26-11-2017 18:06:00;19-02-2018 08:08:39
"Medium.com";"Medium’s unofficial API documentation using Open";"Hossain Khan";28-08-2016 17:23:44;28-08-2017 20:12:53
"Miataru";"The Miataru API is very simple and straight forwar";"Miataru Team";23-02-2018 07:43:18;23-02-2018 07:43:18
"Custom Search";"The Bing Custom Search API lets you send a search ";"";04-12-2017 09:12:06;19-02-2018 08:41:37
"Entity Search";"The Entity Search API lets you send a search query";"";04-12-2017 09:12:06;19-02-2018 08:41:37
"Image Search";"The Image Search API lets you send a search query ";"";12-12-2017 10:25:16;19-02-2018 08:41:37
"News Search";"The News Search API lets you send a search query t";"";02-01-2018 11:52:51;19-02-2018 08:41:37
"Spell Check";"The Spell Check API - V7 lets you check a text str";"";04-12-2017 09:12:06;19-02-2018 08:41:37
"Video Search";"The Video Search API lets you search on Bing for v";"";04-12-2017 09:12:06;19-02-2018 08:41:37
"Web Search";"The Web Search API lets you send a search query to";"";04-12-2017 09:12:06;19-02-2018 08:41:37
"Moon by Ai Weiwei & Olafur Eliasson";"Turn nothing into something – make a drawing, ma";"";09-07-2015 09:55:26;20-11-2017 15:10:56
"MotaWord";"Use MotaWord API to post and track your translatio";"";20-10-2015 18:10:11;03-10-2017 18:39:36
"kinto";"";"";18-04-2017 11:07:00;19-02-2018 08:08:39
"Native Ads Publisher";"This is a Native Ads Publisher API it provides sam";"";22-09-2015 16:21:28;16-10-2017 11:19:49
"Advicent.FactFinderService";"An API for accessing the Narrator Fact Finder.";"";26-11-2017 17:48:36;11-12-2017 13:15:36
"Published Plan Service";"An API for accessing NaviPlan plan data for a clie";"";26-11-2017 17:48:36;11-12-2017 13:15:36
"NBA Stats";"The destination for current and historic NBA stati";"";26-04-2017 10:32:14;10-07-2017 15:08:59
"NeoWs - (Near Earth Object Web Service)";"A web service for near earth objects. All the data";"";07-09-2015 18:18:34;20-11-2017 15:10:56
"Netatmo";"<h3>Welcome to the Netatmo swagger on-line documen";"Netatmo";31-05-2016 00:33:40;20-09-2017 08:20:19
"Labs64 NetLicensing RESTful API Test Center";"The Labs64 <a href='https://www.labs64.de/confluen";"";22-09-2015 16:21:28;16-10-2017 11:20:39
"Netlify's API definition";"";"";30-09-2016 18:12:53;22-02-2018 19:22:46
"NeutrinoAPI";"The general-purpose API";"Neutrino API";13-04-2017 09:20:16;04-01-2018 14:42:04
"nFusion Solutions Market Data API v1";"nFusion Solutions provides REST and streaming APIs";"nFusion Solutions";13-11-2017 11:43:08;22-01-2018 15:44:32
"NPR One API Reference";"NPR One is a smart application that brings the bes";"NPR One Enterprise Team";04-09-2017 15:32:00;19-02-2018 08:08:39
"High Performance Building Database";"The Buildings Database is a shared resource for th";"";21-09-2015 15:57:40;27-01-2018 12:11:20
"Transportation Laws and Incentives";"Query our database of State and Federal Laws and I";"";14-07-2015 11:50:33;27-01-2018 12:11:20
"NSIDC Web Service Documentation Index";"This API allows programmers to build National Snow";"";14-07-2015 11:50:33;20-11-2017 15:10:56
"Archive";"The Archive API provides lists of NYT articles by ";"";25-11-2017 11:10:42;18-12-2017 08:36:39
"Article Search";"With the Article Search API, you can search New Yo";"";02-09-2016 10:48:54;04-04-2017 17:27:32
"Books";"The Books API provides information about book revi";"";02-09-2016 10:48:54;04-04-2017 17:27:32
"Community";"Get access to comments from registered users on Ne";"";02-09-2016 10:48:54;27-06-2017 16:49:57
"Geographic";"The Geographic API extends the Semantic API, using";"";02-09-2016 10:48:54;04-04-2017 17:27:32
"Most Popular";"Get lists of NYT Articles based on shares, emails,";"";20-10-2016 16:26:05;04-04-2017 17:27:32
"Movie Reviews";"With the Movie Reviews API, you can search New Yor";"";02-09-2016 10:48:54;04-04-2017 17:27:32
"Semantic";"The Semantic API complements the Articles API. Wit";"";02-09-2016 10:48:54;04-04-2017 17:27:32
"TimesTags";"With the TimesTags API, you can mine the riches of";"";02-09-2016 10:48:54;30-10-2017 21:46:24
"Times Newswire";"With the Times Newswire API, you can get links and";"";02-09-2016 10:48:54;19-02-2018 08:08:39
"Top Stories";"The Top Stories API provides lists of articles and";"";02-09-2016 10:48:54;04-04-2017 17:27:32
"Mobility";"Transit API can be used to obtain time-aggregated ";"libertyapi@o2.cz";15-08-2017 08:06:40;15-08-2017 08:06:40
"Socio-demo";"Socio-demo API can be used to obtain time-aggregat";"libertyapi@o2.cz";15-08-2017 08:06:40;15-08-2017 08:06:40
"ODWeather";"This is the api to access the ODWeather API inform";"";19-09-2015 02:16:17;20-11-2017 15:10:56
"OMDb";"The Open Movie Database. The OMDb API is a free we";"Open Movie Database";14-07-2016 13:26:47;04-04-2017 17:27:32
"Swagger2OpenAPI Converter";"Converter and validator for Swagger 2.0 to OpenAPI";"Mike Ralphson";22-03-2017 09:54:54;30-10-2017 21:46:24
"Open Data";"Latest Swagger specification for OpenData";"";01-08-2017 17:06:31;30-08-2017 18:34:23
"OpenCage Geocoder";"Worldwide forward and reverse geocoding";"OpenCage Data Ltd";31-05-2016 10:55:27;30-05-2017 13:23:20
"opendatasoft";"";"";26-11-2017 17:08:21;27-11-2017 12:59:09
"OpenFinTech.io";"# Introduction
[OpenFinTech.io](https://openfintec";"";20-09-2017 13:52:55;11-02-2018 11:07:43
"Open Targets Platform";"### The Open Targets Platform REST API

The Open T";"Open Targets Platform team";08-02-2018 09:18:50;20-02-2018 08:55:53
"OrgHunter";"Get the latest IRS data and most up to date charit";"";07-09-2015 18:18:34;11-04-2017 19:58:07
"OSF APIv2 Documentation";"## https://api.osf.io/v2/";"OSF";26-11-2017 17:01:19;19-02-2018 08:08:39
"PI Web API 2017 Swagger Spec";"Swagger Spec file that describes PI Web API";"OSIsoft, LLC.";04-09-2017 12:24:26;04-09-2017 12:24:26
"Owler";"Search for information on companies using a websit";"";21-06-2015 13:58:25;22-01-2018 15:44:32
"Oxford Dictionaries";"";"";30-10-2016 20:46:38;18-12-2017 07:27:05
"paccurate.io";"";"";26-11-2017 17:34:13;05-02-2018 08:23:20
"Pandorabots AIaaS";"AIaaS provides API access to our bot hosting platf";"";02-07-2015 14:21:19;20-11-2017 15:10:56
"PasswordUtility.Web";"Validate and generate passwords using open source ";"";22-09-2015 16:21:28;04-04-2017 17:27:32
"PatientView";"The recommended REST API endpoints to be used when";"";07-09-2015 18:18:34;20-11-2017 15:10:56
"Paylocity";"For general questions and support of the API, cont";"";27-11-2017 10:57:16;27-11-2017 10:57:16
"GOV.UK Pay Api";"GOV.UK Pay Api";"";23-02-2018 08:31:20;23-02-2018 08:31:20
"PayRun.IO";"Open, scableable, transparent payroll API.";"";26-11-2017 15:09:17;19-02-2018 08:08:39
"Peel Tune-in API";"The machine learning service APIs utilize hashtags";"";16-06-2015 18:10:07;23-01-2018 07:44:16
"Authentication";"Personio Authentication API";"";23-02-2018 08:21:55;23-02-2018 08:21:55
"Personnel Data";"API for reading and writing personnel data incl. d";"";23-02-2018 08:21:55;23-02-2018 08:21:55
"Polling Places";"
This data set contains the list of polling places";"";24-02-2018 17:02:15;24-02-2018 17:02:15
"Polygon";"The future of fintech.";"";26-11-2017 16:58:20;27-11-2017 13:03:31
"Postmark Account-level";"Postmark makes sending and receiving email 
incred";"";09-08-2017 17:36:25;30-10-2017 21:46:24
"Postmark";"Postmark makes sending and receiving email
incredi";"";09-08-2017 17:36:25;30-10-2017 21:46:24
"posty_API";"The posty_API is the core element of the posty sof";"";16-07-2015 21:11:55;20-11-2017 15:10:56
"PTV Timetable API - Version 3";"The PTV Timetable API provides direct access to Pu";"Public Transport Victoria";11-08-2017 08:23:28;23-10-2017 13:10:35
"Qualpay Payment Gateway";"This document describes the Qualpay Payment Gatewa";"";11-12-2017 13:15:36;29-01-2018 10:51:01
"Request Baskets";"RESTful API of [Request Baskets](https://rbaskets.";"darklynx";08-04-2016 15:45:42;16-10-2017 11:24:38
"Rebilly";"# Introduction
The Rebilly API is built on HTTP.  ";"Rebilly API Support";07-07-2016 10:27:47;19-02-2018 08:08:39
"Receptive";"## Who is this for?

This documentation is for dev";"Receptive Support";28-02-2018 22:02:25;28-02-2018 22:02:25
"Refuge Restrooms";"REFUGE is a web application that seeks to provide ";"";12-11-2015 00:50:18;20-11-2017 15:10:56
"reverb";"reverb";"Reverb API";10-11-2015 23:56:38;19-02-2018 08:08:39
"Ritc";"Rules in the Cloud";"";20-03-2017 21:37:42;04-04-2017 17:27:32
"RiteKit";"RiteKit API is based on REST principles.

Authenti";"";05-09-2017 12:17:33;19-02-2018 08:08:39
"CompanyAPI";"";"";27-11-2017 10:57:48;27-11-2017 10:57:48
"Rotten Tomatoes";"Test our API services using I/O Docs.";"Mike Ralphson";23-10-2016 14:41:11;27-06-2017 09:18:15
"Seldon";"Seldon is an Open Predictive Platform that current";"";12-06-2015 14:36:17;04-04-2017 17:27:32
"Runscope";"Manage Runscope programmatically.";"";08-05-2017 16:28:49;20-09-2017 08:20:19
"SalesLoft Platform";"SalesLoft helps transform sales teams into modern ";"";25-11-2017 12:50:21;05-02-2018 08:23:20
"SchoolDigger API V1";"Get detailed data on over 120,000 schools and 18,5";"SchoolDigger";26-02-2017 18:33:44;04-01-2018 14:42:04
"Scrape Website Email API";"ScrapeWebsiteEmail is a service that exposes an ap";"";02-07-2015 13:30:48;20-11-2017 15:10:56
"SelectPdf HTML To PDF";"SelectPdf HTML To PDF Online REST API is a profess";"SelectPdf HTML To PDF API";19-10-2017 08:08:12;19-10-2017 08:08:12
"Semantria";"Semantria applies Text and Sentiment Analysis to t";"";09-11-2015 23:23:31;22-01-2018 15:44:32
"SendGrid v3";"# The SendGrid Web API V3 Documentation

This is t";"";23-03-2016 17:32:40;05-07-2017 12:57:32
"ShipStation Developer Portal";"# Integrating with ShipStation

ShipStation strive";"";28-09-2017 12:50:00;19-02-2018 08:08:39
"SimplyRETS";"The SimplyRETS API is an exciting step towards mak";"";11-11-2015 23:36:53;22-01-2018 15:44:32
"Slack";"One way to interact with the Slack platform is its";"";05-12-2015 06:21:58;18-12-2017 07:27:05
"SlideRoom API V2";"SlideRoom provides a RESTful API for exporting dat";"";13-06-2015 00:30:21;04-04-2017 17:27:32
"smart-me";"With the smart-me REST API you get Access to all y";"";24-09-2015 14:03:16;22-01-2018 15:44:32
"Solar VPS";"This is the Solar VPS Public API. You can find mor";"";19-07-2015 21:19:14;04-04-2017 17:27:32
"SpectroCoin Merchant";"This is an API designed for merchants who are usin";"info@spectrocoin.com";16-06-2015 18:11:52;04-04-2017 17:27:32
"Article Rewriter and Article Extractor";"Spinbot.net propose a new solution based on high t";"Hieu Nguyen";22-11-2017 17:18:15;22-11-2017 17:18:15
"Spinitron v2";"Maximum limit is 200. Default limit is 20.";"";22-02-2018 19:42:40;22-02-2018 19:42:40
"Spotify";"";"";29-10-2015 01:09:44;25-11-2017 13:11:26
"Square Connect";"Client library for accessing the Square Connect AP";"Square Developer Platform";27-11-2016 23:01:46;21-08-2017 08:17:21
"StackExchange";"Stack Exchange is a network of 130+ Q&A communitie";"";29-12-2015 20:33:43;04-04-2017 17:27:32
"api.ecota.co v2";"The API ecotaco allows you to connect, create an a";"";28-09-2017 23:20:07;18-12-2017 08:20:02
"StatSocial Platform";"API Reference: <br><br> The StatSocial API is orga";"";22-10-2015 19:48:00;04-04-2017 17:27:32
"Storecove";"Storecove API";"";15-08-2017 11:43:15;19-02-2018 08:08:39
"Stripe";"The Stripe REST API. Please see https://stripe.com";"Stripe Dev Platform Team";14-11-2017 11:01:43;19-02-2018 08:08:39
"City of Surrey Open511";"This API provides real time traffic obstruction ev";"City of Surrey GIS Section";24-02-2018 17:20:15;24-02-2018 17:20:15
"City of Surrey Traffic Loop Count API.";"This API provides locations of City of Surrey traf";"City of Surrey GIS Section";24-02-2018 17:20:15;24-02-2018 17:20:15
"Swagger Generator";"This is an online swagger codegen server.  You can";"apiteam@swagger.io";23-10-2016 15:32:30;05-02-2018 07:13:13
"SwaggerHub Registry";"# Introduction
This is the registry API for Swagge";"SwaggerHub";13-06-2017 12:09:47;13-06-2017 12:09:47
"SYNQ Video";"* [Sign up for a developer API key!](https://www.s";"";30-05-2017 10:32:09;10-08-2017 20:49:32
"taggun.io";"Expects only running software, real reactions, and";"CK Lee";26-11-2017 17:08:35;19-02-2018 08:08:39
"Taxamo";"Taxamo’s elegant suite of APIs and comprehensive";"";16-07-2015 21:11:55;04-04-2017 17:27:32
"Taxrates.io";"Taxrates.io API - the successfully streamlined tax";"apiteam@taxrates.io";24-10-2017 09:11:12;24-10-2017 09:11:12
"Transport for London Unified";"Our unified API brings together data across all mo";"";29-04-2017 10:49:26;19-02-2018 08:08:39
"The Noun Project";"Icons for Everything";"";16-11-2015 21:26:35;20-11-2017 15:10:56
"The SMS Works";"The SMS Works provides a low-cost, reliable SMS AP";"";15-12-2017 11:03:17;19-02-2018 08:08:39
"TheTVDB API v2";"API v2 targets v1 functionality with a few minor a";"";09-11-2015 22:55:27;05-02-2018 07:13:13
"traccar";"Open Source GPS Tracking Platform";"";11-12-2017 13:15:36;11-12-2017 13:15:36
"Airports API v2";"Returns all airports";"";27-11-2017 10:58:06;27-11-2017 10:58:06
"Trello";"This document describes the REST API of Trello as ";"Trello";16-11-2015 22:58:04;04-04-2017 17:27:32
"Turbine Labs";"Turbine Labs Public REST API";"";22-02-2018 18:44:06;22-02-2018 18:44:06
"TVmaze user";"Access to the user API is only possible for users ";"";10-08-2017 07:03:11;10-08-2017 07:03:11
"Twilio";"Enabling phones, VoIP, and messaging to be embedde";"";07-12-2015 18:27:02;04-04-2017 17:27:32
"Twine";"# Overview
The Twine Health API is RESTful API. Th";"";06-09-2017 13:13:01;19-02-2018 08:08:39
"Twitter";"";"Twitter support";14-11-2017 12:09:34;20-11-2017 15:10:56
"uebermaps API endpoints";"Enable people to store spots on public and private";"uebermaps API Team";20-01-2017 22:04:27;27-06-2017 16:49:57
"VAT API";"A developer friendly API to help your business ach";"";18-06-2015 13:16:10;20-11-2017 15:10:56
"Available API endpoints";"VersionEye is a cross-platform search engine for f";"";06-03-2016 21:47:05;23-10-2017 13:10:35
"Vestorly";"Vestorly Developers API";"Vestorly Team";22-10-2015 19:48:00;27-06-2017 16:49:57
"VictorOps";"This API allows you to interact with the VictorOps";"";13-06-2017 10:07:43;05-02-2018 08:23:20
"VisageCloud";"Face search, recognition & classification API. Jus";"VisageCloud";26-02-2017 17:03:31;22-01-2018 15:44:32
"VocaDB";"";"";26-11-2017 17:10:51;19-02-2018 08:08:39
"Voodoo Manufacturing 3D Print";"Welcome to the Voodoo Manufacturing API docs!

You";"";27-11-2017 10:58:20;29-01-2018 10:51:01
"CitySDK Linked Data";"An API for the distribution and annotation of open";"";14-07-2015 11:50:33;20-11-2017 15:10:56
"watchful.li";"";"";09-11-2015 22:55:27;20-11-2017 15:10:56
"Wavecell.Sms.Api";"This API allows Wavecell customers to originate re";"Wavecell Dev team";26-11-2016 22:03:03;30-05-2017 13:23:20
"Wealthport API";"Onedot provides a simple, lightweight and open Web";"";30-05-2017 10:41:01;05-02-2018 08:23:20
"Weatherbit.io - Weather";"This is the documentation for the Weatherbit API. ";"";25-11-2017 11:22:43;25-11-2017 11:22:43
"Accounts";"The Accounts API is a collection of methods used t";"William Hill Labs";26-11-2017 16:51:11;17-01-2018 08:35:04
"Bets";"The Bets API methods are used to place single, mul";"William Hill Labs";26-11-2017 16:51:11;17-01-2018 08:35:04
"Locations";"The Locations API is a collection of methods that ";"";26-11-2017 16:51:11;17-01-2018 08:35:04
"Numbers";"The William Hill Numbers API uses a single method ";"";26-11-2017 16:51:11;17-01-2018 08:35:04
"Sessions";"The William Hill Sessions API uses a central authe";"William Hill Labs";26-11-2017 16:51:11;19-02-2018 08:08:39
"SportsData";"The William Hill SportsData REST API is a collecti";"William Hill Labs";26-11-2017 16:51:11;17-01-2018 08:35:04
"Who Hosts This";"Hosting provider discover";"Who Hosts This";25-02-2018 19:27:27;25-02-2018 19:27:27
"Wikimedia";"This API provides cacheable and straightforward ac";"the Wikimedia Services team";14-12-2015 18:53:29;05-02-2018 07:13:13
"BatchService";"A client for issuing REST requests to the Azure Ba";"";10-04-2016 23:18:20;19-02-2018 08:41:37
"GraphRbacManagementClient";"The Graph RBAC Management Client";"";29-06-2016 10:28:32;19-02-2018 08:41:37
"Winning Email";"The Winning Email API allows you to access our ser";"";22-09-2015 16:21:28;04-04-2017 17:27:32
"Real-Time Bus Predictions";"Real-time bus prediction methods.";"";12-08-2017 17:06:43;20-09-2017 08:20:19
"Bus Route and Stop Methods";"Bus stop information, route and schedule data, and";"";12-08-2017 17:06:43;19-02-2018 08:08:39
"Incidents";"Rail, bus, and elevator disruptions/outages.";"";12-08-2017 17:06:43;20-09-2017 08:20:19
"Real-Time Rail Predictions";"Real-time rail prediction methods.";"";12-08-2017 17:06:43;20-09-2017 08:20:19
"Rail Station Information";"Rail line and station information, including locat";"";12-08-2017 17:06:43;05-02-2018 08:23:20
"Word Associations";"The Word Associations Network API allows developer";"";08-01-2018 11:33:39;08-01-2018 11:33:39
"Wordnik";"Wordnik is the world's biggest online English dict";"";22-12-2015 17:23:32;20-11-2017 15:10:56
"Wowza Streaming Cloud REST API Reference Documentation";"
# About the REST API

The Wowza Streaming Cloud<s";"Contact Us";25-11-2017 12:39:25;25-11-2017 12:39:25
"Transform";"This API provides XML to JSON, JSON to XML transfo";"";27-11-2017 08:50:06;27-11-2017 08:50:06
"Accounting";"# Introduction
The Xero Accounting API is a RESTfu";"Xero Developer Team";09-12-2017 14:21:17;11-12-2017 13:15:36
"XKCD";"Webcomic of romance, sarcasm, math, and language.";"";26-11-2015 00:19:00;04-04-2017 17:27:32
"Yunbi";"Professional Cloud Trading Platform for Digital As";"";16-07-2015 21:11:55;21-08-2017 08:17:21
"Zalando Shop";"The shop API empowers developers to build amazing ";"";04-09-2017 15:05:43;04-09-2017 15:05:43
"Zappiti Player";"Move your app forward with the Zappiti Player API.";"";24-03-2017 15:09:24;03-10-2017 18:45:03
"Zoom";"API Description";"Zoom Developers";02-02-2018 13:43:28;05-02-2018 08:23:20
"Zoom Connect";"The world's greatest SMS API";"";23-08-2015 20:35:00;22-01-2018 15:44:32
"Zuora API Reference";"

# Introduction
Welcome to the reference for the ";"";11-12-2017 13:15:36;11-12-2017 13:57:27
